Year,x1,x2,x3,x4,x5,x6,x7,x8,x9,x10,x11,x12,x13,x14,x15,x16,x17,x18,x19,x20,x21,x22,x23,x24,x25,x26,x27,x28,x29,x30,x31,x32,x33,x34,x35,x36,x37,x38,x39,x40,x41,x42,x43,x44,x45,x46,x47,x48,x49,x50,x51,x52,x53,x54,x55,x56,x57,x58,x59,x60,x61,x62,x63,x64,x65,x66,x67,x68,x69,x70,x71,x72,x73,x74,x75,x76,x77,x78,x79,x80,x81,x82,x83,x84,x85,x86,x87,x88,x89,x90,x91,x92,x93,x94,x95,x96,x97,x98,x99,x100,x101,x102,x103,x104,x105,x106,x107,x108,x109,x110,x111,x112,x113,x114,x115,x116,x117,x118,x119,x120,x121,x122,x123,x124,x125,x126,x127,x128,x129,x130,x131,x132,x133,x134,x135,x136,x137,x138,x139,x140,x141,x142,x143,x144,x145,x146,x147,x148,x149,x150,x151,x152,x153,x154,x155,x156,x157,x158,x159,x160,x161,x162,x163,x164,x165,x166,x167,x168,x169,x170,x171,x172,x173,x174,x175,x176,x177,x178,x179,x180,x181,x182,x183,x184,x185,x186,x187,x188,x189,x190,x191,x192,x193,x194,x195,x196,x197,x198,x199,x200,x201,x202,x203,x204,x205,x206,x207,x208,x209,x210,x211,x212,x213,x214,x215,x216,x217,x218,x219,x220,x221,x222,x223,x224,x225,x226,x227,x228,x229,x230,x231,x232,x233,x234,x235,x236,x237,x238,x239,x240,x241,x242,x243,x244,x245,x246,x247,x248,x249,x250,x251,x252,x253,x254,x255,x256,x257,x258,x259,x260,x261,x262,x263,x264,x265,x266,x267,x268,x269,x270,x271,x272,x273,x274,x275,x276,x277,x278,x279,x280,x281,x282,x283,x284,x285,x286,x287,x288,x289,x290,x291,x292,x293,x294,x295,x296,x297,x298,x299,x300,x301,x302,x303,x304,x305,x306,x307,x308,x309,x310,x311,x312,x313,x314,x315,x316,x317,x318,x319,x320,x321,x322,x323,x324,x325,x326,x327,x328,x329,x330,x331,x332,x333,x334,x335,x336,x337,x338,x339,x340,x341,x342,x343,x344,x345,x346,x347,x348,x349,x350,x351,x352,x353,x354,x355,x356,x357,x358,x359,x360,x361,x362,x363,x364,x365,x366
1981,0.1,0,0,0,0,0,0,1.06,0,0,0,1.08,0,0,0,0,0,0,0,0,0,0,1.45,0,2.56,2.46,2.49,0.02,1.48,2.01,0.49,4.06,0,0,0,0,1.5,0.84,1.16,11.75,2.96,3.78,2.21,5.18,2.42,1.72,3.67,10.85,0.67,8.6,2.32,0.61,1.14,0,0,0,0,0.01,1.26,2.7,0,0,0,0,0,0,0,0.19,2.58,0,0,0,0,0,0,3.11,1.46,3.73,0,2.28,0,3.16,0,0,0,8.39,1.14,0,4.67,2.53,0,9.3,5.41,0,0,2.93,2.61,2.18,1.34,12.09,3.44,0,1.93,0.15,0,0,0,2.62,0,0.4,0.79,3.38,1.61,0,0,0.43,1.09,7.18,0,0,0,0,2.54,0.17,1.68,11.12,22.94,2.02,8.48,0,7.93,11.82,3.73,0,0.3,7.13,7,0.14,0,3.76,4.24,9.13,11.46,4.48,8.47,3.25,3.35,4.1,1.57,0,6.11,2.18,3.28,1.75,0.66,0,2.7,0.12,12.9,26.28,5.05,1.56,0,0.94,1.44,1.06,0,15.76,3.68,2.15,12.43,1.37,1.61,1.63,1.42,0,0.05,0,0.96,2.05,0,0,0,3.63,0,0,1.49,1.86,0.99,0,0,0,1.63,0,0,0,0,0,3.58,3.17,0,0,0,0,0,0,6.49,9.03,2.76,1.63,0,0,0,0,0,0,0,0,0,0,7.68,0,0,0,0,0.04,2.35,0,0,0,0,0.25,2.96,4.73,0,0,0,2.4,0,0,0.02,0,0.41,0,0,0,0,0,0,0,0,0,0,0,0,0,0,0,0,0,0,0,0,0,0,0,0,1.75,1.87,0,5.08,2.43,3.97,0,1.73,0.5,6.16,1.98,1.55,0.59,0.01,0.03,1.72,3.38,6.66,3.09,0,0.04,0,0.24,0,0,2.83,0.73,0,0,6.27,4.38,1.94,0.02,0,0,0,1.45,0,0,0,0,0,0,0,0,0,0,0,0,1.29,1.48,2.29,6.19,2.14,1.46,0.55,0.21,3.33,5.78,7.39,9.99,8.45,1.56,0.02,0,0,1.29,1.3,3.16,9.72,1.29,1.25,1.75,0,0,1.1,0.01,5.45,2.86,1.31,4.83,5.19,9.47,5.78,0.37,4.4,4.84,3.67,1.23,0.72,0.01,2.74,2.81,0.86,0,4.95,6.98,5.04,
1982,4.02,2.51,2.6,5.4,9.28,5.87,0,3.34,1.82,0,0,1.83,3.12,3.15,9.16,4.09,13.33,9.69,1.72,1.12,1.8,2.39,6.02,11.62,13.72,2.76,2.84,0,0,2.18,1.05,1,0.85,2.75,0.14,2.71,0,2.82,2.04,0.23,0,2.22,0,0,2.78,2.49,1.41,7.46,1.18,3.94,0.76,2.98,7.43,3.78,1.93,1.48,1.34,1.17,0.11,0,3.09,3.28,5.42,0.01,0,2.82,5.26,1.41,3.46,1.09,5.48,0.98,1.31,0,2.34,0.16,3.45,6.6,5.74,0.7,0.01,2.5,11.18,1.49,3.65,1.07,0.1,4.38,1.25,4.38,0.36,16.94,5.01,10.85,4.55,1.51,0.04,0,1.3,3.03,1.6,5.02,2.49,4.33,2.94,1.23,7.13,2.87,2.57,0.1,1.25,0.19,0,0,0.24,1.4,1.32,0.34,11.49,0,0,0,0,0,0,0,3.27,4.27,4.41,9.19,0.31,0.41,0,0,0,0,0,0,0,2,1.81,0,0.14,0,0,8.86,11.12,10.19,1.71,0.81,0.01,3.38,8.57,8.22,2.36,2.86,5.26,2.63,14.76,3.35,0.01,1.73,0,0.05,3.28,6.78,1.94,2.17,3.46,3.1,0,1.7,0,2.62,1.17,9.3,6.41,0.24,0.13,0,0,0,1.64,0,0.25,2.5,3.47,1.77,3.63,1.68,6.58,0.25,0.53,0,0,2.88,0,0,0,0,0,0,0,2.15,2.62,7.5,1.89,0,2.3,0,1.74,0,1.85,0,0.01,2.21,0,0,0,0,3.41,2.95,0.13,0,3.3,0,0,0,0,0,3.56,0.9,3.24,3.25,2.12,2.99,0,0,0,0,0,8.82,3.09,1.77,0,0,0,0,0,0,1.61,0,0,2.24,1.81,8.78,12.47,5.71,5.17,0.46,0,0,0,0,0,0,0,1.59,0,5.48,12.21,5.82,0.23,0,3.28,0,5.98,3.88,0,0,0.56,0.34,0,2.89,1.61,0,1.49,0,0,0,0.01,7,0.03,0,2.96,0,0.03,0,1.43,8.48,0,0.39,6.38,1.83,2.31,5.18,0.49,1.84,0,1.32,2.38,1.4,2.19,3.29,0,1.05,3.71,0.48,1.35,0,1.27,1.49,0.05,1.46,1.65,4.36,0.01,2.36,1.28,1.62,0,2.47,0,1.36,0.82,1.08,2.79,2.78,0.23,5.52,8.98,1.14,7.98,0,0,0,0,0.34,1.84,4.95,3.87,5.93,2.77,9.43,2.29,4.41,0.04,3.25,0.08,2.56,0.61,0.63,0,0.04,0,
1983,2.11,0,0,0.65,9.77,14.06,15.33,3.84,4.79,5.5,7.71,1.7,0,0,0,0,0,0.99,0,0.12,0,0,0,1.63,0.32,0,2.14,0.46,0,0,0,0,0,0.09,0,0,0.01,1.84,2.53,4.15,8.66,3,1.4,1.84,10.53,0,0,1.74,4.77,0,0.89,1.36,0,0,0,1.32,0,0,0,2.9,3.3,0.04,0,0,3.32,4.54,5.85,2.74,0,2.43,0,0.48,3.95,2.44,0,0,1.54,2.77,0,0,0.02,1.89,3.01,2.53,1.54,0.02,4.81,0.03,6.34,6.59,1.33,0,6.79,3.39,0.23,0,0,6.31,1.92,3.4,0.18,1.17,1.03,0,0,0,3.08,0,1.87,0,0,0,0.28,0,3.39,0.03,0.64,0.85,3.06,1.82,0.01,0,0.3,0,0,1.94,23.35,0.03,0.53,6.45,0.44,3.59,7.9,0,0.04,3.9,3.52,0,3.44,3.85,0,0.59,0,0.03,0,0,0,0.12,0,0,0,0,0,3,3.2,6.98,0.45,4.39,3.22,3.52,1.84,0,1.11,4.27,0,0,3.95,3.19,2.95,0,0,0,5.54,0,0,0,0,0.24,7.94,2.19,0.91,1.22,1.65,4.88,3.8,0,0,0.19,0,2.82,9.47,2.17,1.65,0,0,3.94,10.06,0.09,0,0,0,0,0,1.91,2.55,0,3.74,4.9,1.67,0,0,0,7.85,0.44,0,0,0.17,0,0,0,0,0,1.82,0.44,0,0,0,1.39,0.06,0,0,14.42,3.28,0.47,0.02,0.01,0,0,0,0,0,0,2.03,0,0,0,0,3.89,0,0,3.52,0.59,4.14,0.31,2.12,0,1.9,0.07,0,1.49,3.25,10.63,6.84,0,0,0,0,0,0,0,4.23,5.35,5.02,1.25,6.17,9.69,0.17,3.97,0,0,0.15,0,7.07,5.79,0,0,0,5.45,1.46,0.67,0.01,3.91,0,0,0,0,4.35,0.01,0,0,0,0,1.31,0,0,0,0.06,0,1.61,3.45,13.06,8.96,2.98,0,1.69,2.33,4.2,6.1,1.31,0,1.39,5.46,3.23,1.76,4.97,3.81,0,1.77,4.33,4.56,1.98,0,0.36,2.82,0,0,0,1.95,3.14,1.51,1.3,15.02,0.79,3.43,3.66,4.34,0.92,3.71,1.36,1.27,4.66,2.74,1.71,2.74,2.55,0,1.29,1.02,0,0,1.53,2.13,1.23,0.91,3.23,
1984,0.61,0,1.32,0.73,0,0,0,0,4.49,0,0.16,0,4.66,2.09,0.75,0.68,4.15,4.02,0,0,0,0,0,0.58,8.06,9.5,0,0.4,1.91,1.68,0.02,0,0,0,0,0,0,0,0,0,0,7.07,1.71,0.03,6.56,6.3,0,0.11,2.16,1.59,0,0,0,0,1.73,2.02,0.94,0.01,0.55,1.59,0,0,3.2,2.85,0,3.65,2.81,0,1.13,2.54,0,6.96,2.42,1.97,7.48,1.86,1.38,0.62,0,1.9,0,0,0.06,0,0.25,1.65,1.83,0.37,0,4.49,3.9,0,0.07,0,0,0,0,7.68,0.06,4.26,2.24,5.59,2.13,2.63,0,0,4.38,0,0,2.95,11.98,0.69,0,3.32,4.28,5.57,13.64,7.63,4.52,0,0.35,4.37,0.26,7.81,3.77,3.52,3.82,1.95,0,0,3.29,5.14,3.56,5.57,0.24,0,0,1.19,0,0,0,13.97,4.46,1.62,1.25,5.01,5.53,9.42,1.49,0,0,0,0,0,0,0,0.33,3.4,0.5,6.02,12.42,5.58,7.66,7.11,1.65,0.37,0,6.33,0,0.18,0,0,0,0,0,0,0,0,0,0,0,0,0,0,0,0,0,0.14,0,2.43,7.08,0,0,0,0,0,0,0,0,0,0.01,0.78,1.1,14.01,8.18,10.73,0.01,0,1.7,1.33,0.02,0.81,0.03,1.44,10.31,0.51,1.8,0,4.6,0.02,1.9,1.62,0,0,8.61,3.17,0,0.01,0.02,0.59,1.93,3.01,1.17,0.54,1.45,0,0,1.87,7.01,0.01,0,0,0,0.36,6.17,0,1.83,0,0,0.17,4.97,2.3,2.25,0.37,1.57,0,1.63,0,0,0,0,1.4,0,0,0.93,7.29,3.15,10.07,4.5,0,8.77,2.5,3.23,1.77,0,0,1.53,0,0,0,0,0,0,0,0,0,0,3.06,1.61,4.97,1.57,0.43,0,0.44,1.46,2.18,0,0,1.63,1.6,12.04,1.9,4.22,2.47,3.12,0.27,1.32,12.2,4.01,1.74,0,2.16,3.91,2.3,2.27,1.3,2.37,1.26,2.61,0.48,0,1.13,0,0,0,0,0,0,0,0.5,3.14,0.02,3.28,2.84,3,5.43,0.54,1.43,0,1.88,0,0,0,0,1.42,1.63,6.88,0,0,0,1.56,0.7,0,1.11,0,1.44,1.61,9.85,11.09,0.03,0,1.28,2.94,4.18,9.1,0
1985,0.72,0,0,3.16,0,0,0,0,0,0,1.74,0,2.69,0,0,4.33,0,0.25,1.86,5.58,1.31,0,0.01,1.51,0,0,0,0,1.15,2.08,0,0,0,0,0,1.36,1.39,0,5.44,10.97,1.77,1.39,4.3,4.44,0,2.05,0,0,0,0,0,3.28,2.32,0.78,0,4.32,0.94,0,2.35,0.01,7.08,6.02,0.01,0.14,2.13,2.61,2.92,0,3.26,6.27,1.49,0,0,0,1.16,0,2.32,0,0,0,0.66,0,1.41,0.75,6.29,4.08,1.84,3.7,0.06,6.74,1.27,5.47,0,0.42,1.54,1.48,0.12,0,2.38,0,0,0.09,0,0,0,0,0,0,0,0,0.22,0.23,4.49,3.39,0.07,0,3.76,0,0,0,0,3.1,0,0.03,0,0.13,3.1,0,0,4.53,5.59,8.39,8.3,3.37,0,0,0,0.09,0,0,0,0,0,0,0,6.55,2.21,0.12,2.12,4.37,0.03,5.37,7.14,0.01,0.09,5.82,4.29,0,2.93,0,0,0,0,0.27,0,0,0,0,0,1.46,0,0.95,3.25,0,0.08,11.9,6.52,0.01,2.89,0,0,0,0,0,0,0,0,0,0.28,0,0,2.11,0,0.74,3.83,0,2.98,0.02,1.18,1.79,0,0,3.27,0,10.23,4.03,0,0,0.17,0.3,7.67,5.8,1.86,2.86,7.67,0,4.23,0,0,0,0,0,0,0.5,14.18,3.73,1.84,0,0,0,0.68,0,3.08,0,0,0,0,0,0,0,0,0,4.37,1.04,12.5,0.75,2.26,1.46,0,0,1.43,0.36,2.99,0.01,4.47,7.26,2.05,0,0,0,0.87,7.45,3.04,4.69,0.89,1.32,6.34,6.41,4.07,0.02,2.43,0.17,0,4.37,6.41,0,3.43,3.58,1.65,2.23,6.38,1.5,2.99,3.6,0,2.5,1.6,1.48,2.07,0,0,0,0,1.47,0,0.08,4.11,1.45,1.69,0,0,0,0,0,0.01,7.48,2.53,2.4,0.83,1.87,3.69,9.01,7.82,2.71,0.2,1.83,1.49,0,0,0,0,0.25,0.87,0.12,0,1.9,2.91,0,13.67,5.09,1.11,0.04,5.08,8.39,3.06,2.74,8.5,3.85,0,2.35,0.05,1.47,0.11,0.89,0,0.85,3.87,1.54,1.57,2.38,2.26,3.75,0,2.27,0,0,0,0.16,0,0,0,0,0,0.02,0,
1986,1.24,6.72,5.81,3.19,0,3.35,0.83,0,1.58,0,0,0,0,0,0,1.22,12.04,3.5,1.64,0,6.82,0.02,0,2.56,1.62,0.13,2.18,0,1.03,8.21,1.73,1.19,1.4,0.44,0.86,0,0,0.28,0,0,0.06,0,1.46,6.94,8.02,20.65,14.97,3.63,9.36,10.43,12.54,6.27,4.29,16.51,10.77,3.84,1.07,0,0,0,0,0,0,0,2.23,0,7.38,10.52,0.77,2.29,2.91,2.85,0.73,0.15,0,0.56,5.63,0,0,3.49,1.1,0,0,0.54,2.35,0.1,3.27,0,0,0.26,0,3.34,0,0,0,0,0,0.33,0.88,0.07,4.17,2.65,5.96,0.39,4.76,0.5,3.12,0,0,0,0,2.74,0.1,0.01,0.33,14,6.13,2.84,5.62,14.95,5.75,0,2.03,0,2.1,2.1,0.13,2.33,5.43,6.1,5.48,3.55,3.16,5.97,4.29,3.58,0.62,1.66,0,1.56,1.5,0.03,0.12,0,0,0,0,0,0,0,0,0,0.08,2.15,1.16,5.15,1,1.28,3.88,8.54,7.17,5.61,0,0,0,3.04,3.68,1.7,0,0,0,0,0,0,0,0,1.34,0,0.15,2.41,0.05,1.8,0,0,3.8,0.31,0,0,0.84,1.81,2.66,7.64,5.81,2.92,0,2.05,0,3.87,2.6,1.49,3.44,0,0.09,4.12,3.24,0,2.08,3.82,4.81,6.45,3.83,1.14,1.25,0,0,2.07,0,0,0,0,0,0,1.93,0,0.69,0,0,1.65,0,0,0,0.34,0,12.38,4.05,0.11,1.69,4.31,5.38,0,0,1.95,5.99,7.64,1.76,0.68,1.51,1.64,0,0,1.63,6.05,10.05,0,1.46,0.07,2.67,4.74,1.87,1.7,2.13,10.25,2.76,3.31,3.29,0,0,0.1,2.67,1.9,3.62,0.19,0,4.98,2.72,2.99,3.98,2.52,0,0,0,0,0,1.73,0.36,3.2,0,0,0,0,0,0,0,0,0,0,0,0,0,0,0.14,1.84,1.82,4.84,0.64,0.13,1.45,0,0,17.36,4.69,1.87,1.73,4.53,1.8,11.31,0.24,2.8,4.91,2.01,5.65,6.22,3.88,0.47,1.36,6.36,1.43,1.86,3.05,0.01,1.22,1.42,0,0.03,0,0,0.04,0,0,2.5,0.11,0,1.48,0,0,0,1.58,0,0,0,0,0,0,0,0,1.74,0,0,0,0,0,0,0,0,0,
1987,0,2.36,2.14,0,1.65,5.51,0.3,0,0,0,1.78,1.61,0,0,0.79,0.02,0,0,0.49,0,0.13,1.47,1.38,1.16,0.7,2.3,8.27,1.54,0.94,0,1.73,4.15,5.62,4.67,6.14,2.24,0.01,1.81,0,1.24,0,0,0,0,0.57,0.06,0,0,0,2.15,0.76,2.29,0,0.76,1.89,0.92,4.01,1.21,0,0,7.57,1.26,1.43,0,0,0,6.07,3.97,2.03,1.47,2.89,0.03,1.46,0,0.09,0.28,1.57,0.52,0.01,0,1.36,0,0,0.08,1.86,3.29,4.06,0.4,4.44,2.87,2.85,0,0,1.45,0,1.42,0,0,1.16,0,3.15,1.98,2.77,4.94,0,1.37,0,0,0.09,1.93,0.02,1.8,0,0,0,0,0,0,0,0,0.01,1.09,3.49,3.56,0,0,0,0,0,0,0,0,0.06,0,0,1.55,9.57,3,1.76,4.66,0.49,4.73,3.46,3.01,0.08,0.63,15.3,15.76,8.65,0.32,0,1.82,7.72,3.09,0,2.92,0,0,8.04,5.97,4.55,0.59,1.69,2.92,0,0,0,3.92,1.65,1.89,0.78,0,4.24,1.15,2.93,0,1.9,0.02,0,0,0,0,7.85,3.12,0,0,3,0,0,1.96,7.24,19.52,12.11,5.58,0,0,0,0,0.68,7.79,4.21,5.2,10.74,4.63,0,0,0,0,0,4.5,11.63,3.76,0,0,0.24,0,0,0,0,1.85,0,0,0,0,0,0,0.01,11.04,1.85,0,0,0,0,0.08,0.27,8.67,15.66,8.2,0.48,4.08,0,0,0,0,0,0.01,0,1.87,0,5.39,0,0,3.87,0,0,0,0,0,0,3.94,0,0,0,0,0,0,0,0,0,0,0.25,0,0,0,0,0,0,0,0,0,0,0,0.3,0,0,0,0,0,0.36,0,0,0,0,0,0,0,0,3.66,0,0,0,0,0,0,0,0,0.19,4.81,0,0,0,0,0,0,0,0,0.05,0.6,2.47,0,1.24,0,1.54,0.01,0,0,0,0.96,0,0,4.28,1.53,0,0,0,2.67,6.01,0,0,0,2.38,2.79,0.81,1.79,13.31,3.71,1.8,2.57,1.15,0.88,1.52,1.62,0,1.11,1.63,0.2,3.7,3.5,0,1.65,0.99,0,0.71,0,1.89,
1988,0.76,0,0,0.03,0,0,0,0,0,3.23,9.14,4.7,0.13,0.09,10.33,5.31,0,0.12,0.05,3.34,3.64,2.6,0.32,0.5,0.49,0.49,2.41,3.8,0,4.31,2.4,2.79,0.02,0,0,2.66,0,0,2.75,6.5,12.57,5.85,3.3,1.33,2.6,1.39,7.36,2.69,0,1.22,0,1.14,4.76,1.67,1.06,0.63,2.69,0,1.3,0,0,1.41,1.83,2.55,0.54,0,7.07,0,0,0.11,1.45,0.9,1.87,0,2.89,0.61,0.18,2.35,2.75,0,2.65,0.48,2.78,5.07,1.74,6.07,1.65,3.74,0.05,0.33,0.49,1.9,4.97,1.3,0.29,7.32,1.74,3.44,2.24,1.35,0,2.26,1.33,0,0,0,0,0,0,0,0,3.58,5.4,0.08,4.62,8.12,4.86,2.27,7.13,2.35,0,2.41,3.33,0.76,3.79,2.07,0,17.54,43.4,8.85,0.06,7.2,0,1.66,0.08,0,0,3.42,0,0.65,0.03,3.5,0,0,0,0.32,1.86,0,0,0,0.98,4.25,0.53,0,0,3.1,0,0,0,0,0,0,0,0,2.03,0.58,3.19,1.51,0,0,0,0,0,5.18,18.88,4.89,0,4.54,0.74,0,1.7,3.25,0,0,0,0,2.93,0,0,0,0,0,0,0.02,0,0.01,0,0,0,0,0,0,0,0,0,0,0,0,0,0,0,0,0,0,0.08,0.05,0,0,0,0,0,0,0,0,0,0,5.84,0,0,0,0,0,0,0,0,0,0,0,0.09,0,0,0,0,0,0,0,0,0,0,0,0,0,0,0,0.38,1.05,0,1.4,0,0,0,0,0,0,0,0,0,0,8.15,0,0,0,0,0,1.81,0,0,0,0,0,0,0,0,0,0,0,0,0,0.11,0,6.3,6.12,2.26,2.27,0,0,0,0,0,1.72,0,0.01,0,0,0,0,0,2.14,3.68,1.34,0.21,0.4,0.31,0.35,1.12,5,0.22,7.37,1.92,4.3,0,0.61,0.94,1.77,0,0,4.15,9.34,12.55,3.49,0.3,1.54,5.47,8.41,0,2.21,3.29,2.54,0,0,0,1.01,0.06,0,0.38,0.01,0,4.27,0.31,1.49,2.6,0,0,0,0,0.1,1.56,0.08,3.51,0.19,2.53,0.93,1.57,0.38,0.1,6.68
1989,3.09,2.46,3.54,0.39,0,0.61,2.14,0.6,7.24,16.2,7.09,0.14,1.27,0.26,0.02,2.72,6.6,0.16,2,0,1.31,1.83,17.17,3.75,0.13,0,0,1.11,1.12,0,0,6.29,10.76,5.14,3.67,0,0,4.11,1.38,0,4,1.25,0,0.09,0.95,0.07,0.15,0.27,2.84,0.99,5.07,0.19,2.16,0.61,1.51,1.38,0.01,0,2.42,6.61,9.99,9.01,1.46,0,0.98,2.01,8.58,4.28,0,0,0,0,4.57,4.45,6.46,13.12,0.42,0.25,7.73,1.17,0.12,2.87,5.42,0.91,0.67,4.48,2.44,8.42,8,2.19,7.33,4.83,2,0.01,2.52,8.34,1.73,0.14,2.2,0,0,0,2.7,0,0,0,5.88,2.21,2.95,4.68,0,0,0,0,0.06,2.17,4.63,3,1.72,0.52,0,3.22,1.77,3.74,1.48,2.87,0,1.64,5.43,5.4,5.93,7.17,15.4,1.86,2.79,4.29,0.56,2.78,1.14,1.49,2.96,0,0,0.23,0.37,0,1.46,1.38,0.6,0.24,0.12,0,2.18,0,2.02,0,0,2.29,0,0.01,0.51,5.84,1.92,0,2.31,0,2.79,2.47,0,0,0,0.88,5.9,2.21,3.34,0.39,3.06,0,0,0,0,0,0,0,0,0,0,0,0,0,0.84,3.94,9.81,0.72,12.52,0,2.67,0.1,0,0,0,0,3.79,2.74,1.19,3.41,0,6.33,0.09,1.3,1.64,0,0,11.38,9.65,0,0,0,0.02,2.13,0,1.99,4.98,0,0.31,1.07,0,0,0,0,2.87,2.67,0.39,0,1.57,2.09,8.76,2.8,2.06,3.42,0,1.57,1.57,0,0,0,0,0,0,1.59,4.19,1.75,0.71,0.27,1.85,1.58,0,0,0,0,0.76,0.32,0,0,0,0,0,0,0,0,0.89,0,0,0.97,6.73,10.36,2.19,0.57,0,0,0,0,0,1.9,0,0,0,0,3.33,3.04,4.47,1.57,1.41,1.41,0,0,0,0.32,1.14,0.29,2.36,5.99,1.78,0.48,14.82,0,0,0.23,4.92,1.58,3.11,2.19,6.63,0,0,0,0.06,16.95,1.22,0,0,0,0,0,0,0,0,0.56,8.57,3.38,3.5,0.12,0,1.47,0,0,1.33,0,0,8.85,4.74,0,0,7.98,1.08,1.37,0,0.59,6.75,4.68,1.11,8.03,0,1.01,14.09,2.35,0,0,0,0,0,0,0,0.18,1.36,
1990,1.34,1.34,1.75,1.36,2.52,0,1.14,8.95,8.21,4.64,0,0,2.1,1.08,2.05,1.35,2.44,0.29,0,0,0.98,0,0,3.48,2.58,4.29,3.35,2.19,5.66,4.5,5.42,1.8,1.3,0,1.26,0.02,0.01,2.89,2.41,4.21,8.49,15.46,0,8.76,0,0,0,0,0,0,1.29,0,2.38,1.21,0,0,0,0,0,0,0,1.35,3.15,1.92,1.58,0,3.14,0,0,1.51,0.12,0.61,5.55,3.17,1.93,1.76,0.97,1.38,0,0,0.42,1.62,2.17,1.97,1.35,0,0,0,0,1.3,3.55,0,0,0,0,0,0,1.19,4.13,1.46,1.18,1.5,4.52,2.81,7.61,1.22,0.01,0,0,0,1.21,0,2.06,3.06,7.38,8.51,2.39,6.15,8.2,0.01,1.31,1.65,2,1.73,1.46,4.61,0.85,2.23,6.66,4.33,2.13,0.35,9.65,8.08,3.95,0.22,0.21,7.39,0.23,0,1.43,0,1.86,2.07,5.55,5.22,1.64,3.47,13.36,4.61,3.36,0.27,0,0,0,0.02,0,0,0.43,1.54,0.01,0.1,0.39,1.49,2.47,3.3,3.77,1.77,1.9,0.82,0,6.86,0,0,1.53,0,0,0,0,0,0,0,0,0.29,0,0,0,0,0,0,0,0,0,1.94,2,4.46,0,1.48,0,0,0,16.47,0,1.7,0.05,4.54,0,0.01,0,11.59,0,3.41,3.11,0.42,0,0,0,0,1.54,0,1.46,0,3.36,10.96,0,1.82,0,0,9.36,0.96,0.63,6.24,4.04,0.01,1.6,2.61,2.47,0.21,0,1.82,0,0,0,0,1.69,0,0,0.16,0.17,0,0,3.78,0,0,0,0,0,0,0,0,0,1.67,5.78,0.14,0,0,1.57,0,0,3.13,1.78,0,0,1.4,0,0.54,6.14,1.93,6.74,9.17,0.19,2.75,1.9,11.37,3.24,0,1.73,3.9,5.79,8.45,6.42,3.22,0.27,0,0,0.54,0.04,0,0,1.4,0,0,2.78,0,0,3.29,5.5,1.61,5,2.47,0,1.56,2.37,2.56,0,0,0,2.38,0.14,1.26,0,1.17,0.02,0.6,2.33,3.85,6.77,2.38,0,0,1.69,0.72,0,3.21,1.36,5.71,1.2,2.21,0,0,0,2.17,0,3.58,0,1.45,0.13,1.06,0.57,0.5,0,3.89,4.82,1.91,0.76,1.27,3.48,3.5,0.07,0,3.74,5.36,2.22,0,2.8,
1991,6.61,1.29,0,0,0,0,1.02,1.25,0,0,2.29,2.33,4.88,0.23,2.5,2.2,1.61,2.33,0.78,1.79,0,2.81,0.89,0.38,3.03,2.12,1.07,2.95,1.16,4.42,1.17,2.52,0,0,0,0,0,0,0,0,0,0,1.42,0.1,1.43,4.92,2.47,4.58,0.65,2.07,7.15,1.21,0,0.04,0.68,0.55,0.07,0,1.25,3.88,2.51,3.16,3.94,15.62,10.8,2.74,2.77,0.33,2.18,0.42,0.52,0,0.01,1.35,0,1.21,0.61,2.33,1.08,3.62,2.52,0,4.79,3.11,7.09,2.16,1.77,2.24,1.62,2.09,0,0,0,0,0,0,0.46,1.36,0.37,11.19,1.8,9.7,6.8,10.02,1.63,5.29,9.62,4.47,2.05,0.71,0,0,4.32,1.82,0.02,0.77,2.91,4.68,1.84,0.34,0,6.04,4.43,0.42,3.3,4.43,3.06,1.66,2.22,13.84,5.3,2.34,10.26,2.65,2.82,0.06,3.12,16.87,4.35,1.53,0,0,0,1.84,1.64,0.25,2.08,1.67,0,0.33,8.69,2.15,1.71,1.56,2.23,5.1,3.41,10.54,0,1.53,0,0,0,0,0,0,0,1.6,0,0,2.12,2.31,5.54,3.01,0,2.79,1.9,0,0,0.46,1.92,2.3,0,0,0,2.26,2.11,1.22,0,1.77,0,3.14,0,0,0,0,0,0,0,0,0,0.03,4.32,0,0,0,4.61,2.64,0.1,0,0,0,0,5.77,0,0,5.11,3.68,2.33,0,0,1.69,0,0,1.88,0,2.31,0.01,0,2.8,0,0,0,0,0,0,0,0,0,6.18,0.16,0,0,0,0,0,0,0.01,0,0,7.96,8.09,4.68,9.89,0.44,0,9.77,11.31,0,2.63,0.16,0,0,0,0.82,3.19,0,0,0,0,0,3.22,0.57,0,0,0,0.59,0,1.37,0,0,0,0,0,0,0,0,0,0,0,0.26,0.03,0,0,1.78,22.85,7.06,3.64,2.87,4.26,4.22,2.67,4.37,1.36,1.86,1,1.3,1.2,4.19,8.34,0.92,0.18,1.85,1.05,0,0,2.75,11.29,3.92,1.86,1.18,1.33,3.25,0,6.88,4.37,2.44,0,2.39,4.08,8,14.44,2.36,4.3,1.38,0.57,2.22,0.19,1.29,0,20.62,9.6,2.53,1.57,2.29,0,3.62,4.05,2.68,0,0,1,0,0,1.33,0,0,0,0,0,0,0,0,0,1.04,
1992,0,0,0,0,1.18,0,0,0.01,0,0,0,0.02,0.46,1.9,5.28,0,4.73,0,0.11,0,0,0,0,6.49,0.79,1.15,0,0,0,0,0,0,0,0,1.26,0,0,0,0,1.38,1.27,1.64,0.07,1.31,0.19,0,0.15,1.71,1.8,1.14,6.31,7.32,2.82,3.87,1.38,1.18,0,0,0,0,0,1.17,0,0,0,2.4,0,0.14,0,1.54,0,0,0,0,0,1.46,5.07,12.53,4.12,1.63,5.33,1.9,0,1.07,0,0,0,0,0.02,0,2.53,0,1.3,0,0,0,1.02,1.4,5.54,10.06,16.96,9.25,1.44,0.1,0,2.9,2.67,2.81,8.94,10.3,2.6,1.25,1.43,5.29,0.58,1.21,0,0,0,0,0,0,0,0,0,0,0,0,0,10.49,0.57,1.75,7.59,2.35,0.06,0.01,4.83,0.13,1.56,0,0,0,4.26,0.01,0.01,0,0,15.71,3.98,2.15,3.35,4.73,0.49,3.36,4.63,0.15,12.42,5.47,0.55,1.97,1.92,4.55,3.97,0.6,6.97,1,10.22,33.14,17.01,0.33,0,5.71,5.8,6.12,3.24,5.79,0.51,12.76,3.85,7.33,4.76,4.36,3.7,3.43,4.08,7.02,4.89,0,0,0,3.14,5.23,2.5,4.3,3.21,8.13,3.82,0,1.76,0,1.57,4.29,19.81,9.52,4.02,0,0.03,0,0,0,0.08,0,0,0,0,0,0.14,0,0,0,0,0,0,0,0,0,0,0,0,0.8,0,0,0,13.67,0.86,0.32,0.67,0,0,0,0,0,0,0,3.73,0,0,0,7.45,9.52,16.16,0.08,1.84,0,0,0,2.63,0,0,0,0,0,0,1.39,0,0,1.74,0,3.65,6.27,0,0,0,0,0,0,0,0,5.3,0.03,7.61,0,0.18,1.54,0,0,0,3.96,3.52,0.08,0.01,0,0,0,0,0,0,0,0,0,0,0,0,5.59,4.11,0.24,7.61,4.09,3.6,0.19,0.12,0,3.6,5.1,5.2,0.25,0.01,0.02,0,0,0,1.6,0,0.13,2.18,0.72,0,1.54,0.78,0,1.27,0,0,3.05,0,0,0.31,11.89,0.75,0,0,1.12,0.15,1.56,4.75,3.27,5.11,0.71,0,0.08,1.57,0,1.42,1.47,0,1.56,4.15,8.82,4.88,5.49,0,7.84,6.97,0.03,5.24,3.75
1993,0.56,0.56,4.74,0,1.63,0.74,0,0.12,1.98,0.48,0.01,5.1,0,0.05,0.2,1.53,0,0,0,0,3.61,3.49,8.32,0,1.61,0.13,0,1.67,0,0,0,1.11,0,0,0,0,0,0,0,0,0,0,1.26,0.09,1.26,5.95,0,0.07,0.02,6.73,4.54,3.61,3.13,2.01,0,1.31,0,0,0,0,0,0,0,0,0,0,1.23,0.01,1.66,0,0,0,0,3.92,8.01,5.22,1.54,2.56,3.99,8.45,0,1.35,0,0.01,0,0.16,0.86,2.34,2.68,0.68,1.44,0.25,5.65,0,2.17,0,0,0,0.02,7.07,3.53,11.25,9.23,0,4.14,0,0.72,1.73,8.01,13.05,0.45,1.19,4.19,7.84,3.85,1.44,2.64,0,0,8.96,0.35,0,6.58,5,8.87,9.57,6.46,0.64,0.4,1.69,0,0,0,0,2.04,0.2,1.65,0.12,0,0,6.78,9.2,1.3,0.35,0.22,2.15,0,0,0,0,0,2.07,2.72,5.6,0.74,0,5.69,8.05,14.44,6.13,2.12,0.85,2.86,1.99,0,2.81,5.63,2.92,2.54,1.86,0,3.55,0.63,0.01,0,0.02,0,2.2,0,7.75,0,0,0,9.45,21.65,2.36,4.52,9.87,3.64,0.44,0,3.78,0.09,0,0,0,0.53,1.56,0.09,0,0.01,0,0,4.46,7.24,12.76,4.4,8.39,0,0,0,0,0,0,0,0,3.48,5.5,3.35,3.23,0.16,1.61,0,3.83,0.16,0.74,0,2.37,0,0,0,0.64,5.06,4.81,1.59,0,0,0.49,0,0,0,0.2,0,0,0.09,0,0,0.02,1.81,0,0,0,0,0,0,3.46,0,1.98,3.28,4.08,0,1.22,1.28,0,0,0,1.74,0,0,0,1.33,0,1.74,5.07,0,0,0,0,0,0,4.81,12.22,4.12,0,3.66,1.85,0,0.48,5.33,0,0,0.27,0.33,1.85,1.97,0,0,0,0,1.69,2.27,3.4,3.97,3.59,0,0,0,0.99,0.65,0.01,0.01,0,0,1.62,0,0,0,0.93,1.37,0,0,1.49,2.93,1.84,1.37,2.87,1.72,6.14,5.11,0.01,0,3.11,0.09,1.36,0.28,2.96,1.21,2.11,4.08,0.14,0.49,2.89,7.89,2.41,0,1.91,0,1.56,1.33,0,0,0,0.4,0,0,0.29,3.65,0.03,1.55,0.03,0,0.1,0,0,1.82,
1994,1.68,4.97,3.4,3.2,10.98,6.06,3.05,3.95,3.08,1.34,0.14,1.15,2.2,7.62,3.26,2.97,3.46,11.74,0.08,0,1.85,0,0,0,0,0,0,1.62,1.54,3.11,3.44,0.02,1.47,0,0.37,0,1.17,1.83,10.12,4.31,1.39,4,1.93,0,1.21,0,1.15,0,2.32,0.31,0.37,1.31,0.06,0.68,8.74,13.89,6.54,5.07,4.01,1.35,2.23,0,0,3.39,0,1.68,0,0,0,3.31,2.96,1.63,1.26,0,1.22,0,0,0,0.74,1.4,0.84,6.99,6.42,0,0,4.94,3.26,1.01,0,0,0,2.83,2.03,5.5,3.02,6.24,1.59,1.73,0,0.07,1.53,0,4.84,0,0.99,1.44,0,0,0,0,0,0,0,0.38,4.27,12.48,4.65,0.48,1.62,0.03,2.88,3.36,3.88,0,0.66,0.68,0,0.21,0.15,0,1.46,0,3.32,1.14,1.26,4.82,8.31,5.19,4.24,0.64,0.53,0,1.81,1.84,0,0,0,0.15,0.56,3.23,0,1.92,1.87,3.13,1.64,0,1.26,0.04,0.89,0,2.95,1.57,0.83,1.32,13.92,7.96,3.44,0,0,0,0,0.18,0.71,0.73,0,0,0,0,0,0,0,0,0,0,0,0,7.23,14,7.79,0,0,0,0,0,0.87,0,1.54,0.07,0,1.17,0,0,0,2.5,3.91,10.88,5.99,2.11,0.25,0,0,0.45,0,1.4,1.95,0.72,2.44,0,0,0,4.07,1.4,0,4.89,1.71,0,0.46,0,0,0,0,0,1.5,0,0.15,0,0,0,0,0,0.83,0,0,0,0.76,2.09,0,0,0,0,1.77,0.07,0.01,0,0.23,0,3.74,5.94,0,0,0,0.19,0,0,0,0,0,0,0,0,0,0,0,0,0.83,13.62,3.93,2.62,5.11,7.51,0,0,0,0,0,0,0,14.78,9.03,6.64,2.12,0,0,1.7,8.05,0,0,0.31,0.08,3.42,2.18,2.5,0,4.92,8.09,13.96,2.3,1.91,2.13,2.54,12.17,3.6,0,0.16,1.71,2.04,5.38,1.98,1.39,3.94,0.02,2.07,1.48,0.03,1.54,0,0,2.61,1.32,0,0,0.02,0.2,4.82,3.99,5.87,0.27,15.81,19.9,3.85,2.12,2.73,0.06,1.61,0.03,0.74,0,0,1.15,0.16,5.13,3.76,1.64,0,0,0,0.43,1.45,0.59,0,0,0,1.34,1.35,2.68,
1995,0,0,1.1,0,0,0.01,0,5.46,2.93,3.21,1.35,2.82,1.21,5.89,10.35,7.31,3.19,1.31,1.27,0,1.91,0,0,0,1.63,1.62,2.25,0,0,0,3.7,5,4.33,3.86,2.12,0,3.01,3.3,0,0,0,5.47,0,1.29,2.94,1.46,1.54,3.09,8.1,5.02,3.14,3.8,0,0,0,1.04,0,3.29,0,2.39,0,0,7.71,4.02,10.48,1.33,1.7,3.08,0.73,1.12,3.56,2.23,2.83,1.27,1.63,0.18,1.24,3.74,0.43,3.81,4.31,0,1.76,6.1,2.37,0,1.11,2.02,0.76,3.49,0,0.35,0,2.4,0.06,2.11,3.73,4.26,2.13,2.75,1.37,2.97,0.01,0.18,0,3.41,0.14,0,1.71,1.53,7.38,3.11,1.27,1.17,8.69,0.64,0,6.68,2.65,7.61,2.87,9.79,0.55,4.37,0.07,11.39,7.18,2.55,0.27,2.41,0.35,4.76,0.39,9.7,7.22,0.02,0,0,3.82,0,1.51,2.73,0.41,0,0,2.15,0.27,0,0,0,0.41,0,1.7,2.63,2.94,4.06,6.97,7.16,5.37,4.37,5.52,4.76,0,0,0,0,0,0,0,0.13,0.87,2.78,2.06,2.36,0.48,0,0,2.21,3.96,9.01,2.29,0,0,9.53,1.57,2.34,0,1.62,0,0,0.56,3.1,0.6,0,0.01,0,0,0,4.97,0.69,16.31,5.14,0.09,1.32,0,0,0,0,0,0,0.62,0,0,0,0,0.44,0,0,1.6,0.46,1.94,0,0.04,0,0,0,0,0.01,2,1.87,1.15,1.55,0.03,1.48,0.02,2.32,3.01,8.34,0,0,0,0,0,0,0,0,3.22,6.04,0.66,0,3.33,18.93,0,2.11,0,0,0,0,0,0,0,0.68,8.94,4.11,0.2,0,0,0,0.01,1.33,0,0,10.01,0,0.02,2.38,8.45,0.1,1.64,0.13,5.57,1.61,0,1.99,0,4.12,0,0.06,0,2.25,4.05,2.35,2.13,5.3,1.1,5.31,4.66,3.17,0.05,0.03,0,10.19,3.82,0.4,3.59,3.78,0.01,0,2.75,6.12,1.58,6.72,9.03,1.34,2.08,17.57,4.1,5.37,0,0,0,1.22,1.95,0,3.13,3.57,1.31,1.37,2.88,9.69,11.61,4.41,14.52,10.85,17.1,17.47,7.28,3.32,1.65,2.98,0.49,3.53,1.94,3.69,4.67,3.9,6.54,4.7,2.25,1.36,3.26,1.74,1.69,0,0,0,0,0,0,0,0,0,0,1.54,1.3,
1996,3.8,1.1,2.87,4.59,0.4,1.45,2.68,11.76,2.97,6.42,3.55,0,2.52,0,1.05,4.17,3.6,0.34,1.88,4.5,4.4,8.98,0.55,0,5.56,1.87,1.43,6.09,4.79,5.17,3.44,1.14,0,0.02,0,1.11,3.39,13.46,12.75,0.22,0,0,1.19,2.5,5.7,0,0,1.07,1.27,0.29,0.8,0.08,0,1.07,5.1,8.14,7.47,2.62,0.16,5.46,1.85,5.26,1.48,4.7,17.14,11.07,3.14,0.85,1.77,0.34,1.77,0,0.37,0.35,1.19,1.64,3.43,5.93,1.48,2.5,4.06,2.22,0.21,0.58,2.17,3,1.53,2.72,4.83,2.33,1.66,8.79,4.97,0.33,0.01,0,1.87,2.85,0,0,0,1.53,0.71,0.79,0.46,1.79,1.45,1.58,2.41,1.95,0.57,1.21,0.42,12.53,8.03,4.13,11.29,0.3,0.56,3.14,3.12,0,0.73,8.86,8.83,1.61,6.46,3.71,1.74,0.13,0,0,1.48,0.17,1.87,4.89,5.16,12.53,2.31,6.68,6.78,1.94,0.42,0.45,7.6,1.27,3.65,7.94,0.72,2.76,3.26,1.44,0.67,0,0.03,1.9,0,0,0,0,1.38,0,0,0,0,0,0.57,0.81,0.31,0,0,0,2.04,5.9,4.54,0.19,0,0,2.88,0,0.73,0,1.19,0,0,0,2.34,0,0,0,0,1.31,0.03,0,0,0,1.6,1.05,2.55,0.3,0,0,0,0,0,0,0,0,0,0,2.52,6.38,1.12,0,0.02,0,0,0,0.41,0.58,1.54,0,0,0,1.25,1.23,0,4.44,0,0,0.12,1.61,12.1,0,0,0,0,0,0,0,0,0.46,0,0,0,0,0,0,0,0.03,0,1.18,0,0,0,2.62,0.21,2.05,10.32,5.5,13.15,7.3,1.48,1.63,1.65,0,0,0,4.64,2.76,2.84,10.54,1.75,1.62,1.67,0,0,0,0,0,0,0,0,0,0,0,0,0,0,5.1,3.56,2.36,0.42,0.79,0.52,5.36,1.91,2.04,4.13,5.38,0.87,2.48,0,1.85,0,0.07,0,0,0,0,0,0.08,1.21,5.76,0,0,0,1.21,4.18,8.18,0.95,1.97,4.32,28.55,29.07,2.3,1.84,7.67,0.01,0.44,0.74,0,1.65,1.71,0.11,0.76,4.65,0.34,0.74,4.39,6.04,0.03,3.98,13.63,2.85,4.2,5.04,1.88,10.58,0.91,3.25,1.76,0,4.44,3.44,8.49,5.45,2.4,3.31,13.06,11.52,24.69,10.14,3.74,17.39,6.77
1997,4.34,12.06,8.89,4.4,1.9,0,1.51,0.57,4.94,7.99,7.03,0.45,0,0.48,0.05,0,0,2.65,2.61,0,1.5,1.59,6.25,0,1.17,9.09,8.2,1.64,2,1.46,0,9.69,11.69,3.11,1.64,0,0.15,0.05,0,0,1.1,3.42,1.69,0.81,0.24,10.31,5.35,3.8,0.61,0,2,0.03,0,0,0,4.14,4.41,5.05,1.8,0.32,0.39,8.48,0.54,1.22,1.67,0.59,2.9,0.73,0.47,3.61,0,0.05,0,0.01,8.97,2.4,0.4,0,3.42,3.99,1.18,0,3.59,0,1.82,2.03,0.03,0,0.01,0,4.62,0,0,2,1.41,2.16,4.13,2.7,1.91,0,0,0,0.18,1.73,3.57,5.13,0.06,1.63,0.51,3.66,3.64,0,1.41,0.09,0.38,2.3,0.59,13.92,3.96,3.39,9.32,5.33,4.54,1.56,0,1.72,10,2.12,1.49,0,0,0,0,0.3,1.17,0,0,0.61,0,0.1,0.48,0,0.29,2.65,19.91,4.47,1.49,0.27,2.47,0.36,1.42,2.36,1.76,0,0,0,0.23,2.64,2.08,10.96,4.67,11.02,3.97,7.42,1.63,2.9,1.5,0.14,2.91,5.13,1.01,0,2.89,0,0,0,0,1.39,0,2.31,1.34,3.37,2.44,10.11,2.53,4.56,3.26,0,2.53,1.07,1.84,2,0.34,3.93,0.05,6.23,1.56,0,0,0.38,0.97,0.18,1.94,0.03,2.23,0,1.62,1.42,1.88,3.86,2.37,0,0,0,0.38,0,0.51,0.9,0,0.6,1.8,0,0.37,1.08,0.87,5.77,1.44,15.78,9.93,3.01,0.89,0,4.98,0,0,0.81,1.03,0,2.63,0,0,0,0,1.15,0.86,1.59,0,0,0.97,2.91,0.06,0,0,8.44,2.55,0.52,4.32,0,1.22,0.75,3.61,2.96,0,4.02,3.35,1.24,0,0,2.43,4.85,1.43,0,0,0,3.18,0.65,0,0,2.13,0.22,3.63,7.65,2.83,2.82,2.06,0.02,5.43,0,1.54,1.68,0,0,0,0,0,0,3.39,0,1.54,3.21,0,1.58,2.35,16.46,3.3,0.42,1.67,4.02,0,0,0,3.76,1.01,0,0.01,0,1.25,0,0,0,0,2.83,0.1,7.88,4.36,1.42,0.03,4.82,2.03,1.49,5.7,0,0,0,0,0.47,0,0.01,0,0,3.1,0.1,2.63,0,0,0.03,0,1.4,1.33,0.01,1.84,5.74,6.91,0,0,0,0,0,0,0.23,2.04,1.88,9.84,7.56,1.25,
1998,0,1.72,2.15,1.59,0,0.1,0,3.45,0.54,0.44,13.41,17.35,6.14,5.05,2.31,4.12,2.6,9.89,0.79,3.09,0.66,0,3.47,2.77,4.32,0.16,3.09,2.94,1.46,0,1.54,0,0,0.1,2.31,0,1.75,0,0,0.23,0,0,0,0,3.77,1.71,0,0,0,0,0,0.05,2.78,0.35,0,1.11,0.31,0,0,0,1.71,0.54,0.45,0.76,0.1,0,0.1,2.87,2.53,5.12,1.63,0,0,2.45,0,2.29,0.39,0.49,0,0,1.37,1.81,3.4,4.13,8.4,3.59,3.44,3.88,0.45,2.18,0,0,1.59,0,2.2,0.03,0.37,0.05,0.06,1.97,2.11,4.08,0.24,2.1,0.66,2.11,3.09,1.04,5.45,0,0,1.93,0,1.67,0,0,0,0,0,0,0,0,0,0,0,1.2,0,0,0,0,0.5,0,2.78,2.13,5.57,0.23,3.27,0.46,0,1.75,1.95,4.01,4,0.17,1.23,0,0,0,0,1.47,0.51,1.53,0.66,9.89,3.75,2.85,1.49,6.64,0.94,0.3,2.68,1.52,0.77,3.23,4.57,0.71,15.37,4.08,3.62,10.41,17.42,1.37,3.54,0,3.22,2.33,3.04,6.97,1.31,4.82,1.22,6.07,1.69,1.09,3.1,1.48,0,0,2.4,2.05,0,4.51,0,1.28,0,0,0,0,0,0.03,0,0,0,0.26,0.31,0.86,0,0,0.02,8.26,14.93,3.01,4.34,5.6,3.9,1.17,0,0,1.81,0,0,0,0,0,1.53,0,0.49,3.66,0,8.89,1.35,7.84,2.95,2.03,3.18,0,0,1.57,0.36,0,0,0,0,0,0,1.21,0,1.38,1.88,1.51,1.04,0,0,1.58,6.08,9.08,0.26,1.48,1.4,0,0,0,2.71,1.04,0,0.01,0,1.79,2.65,2.42,1.58,0,0,0,6.69,0.69,3.07,0.04,3.64,1.66,2.12,0,0,0,0,0,0,0,0.93,0,0,0,0,0,0,3.61,0,0,0,1.64,0.1,0.98,0.67,0.27,0,1.38,3.18,3.28,0,1.72,2.95,0.6,1.6,0.17,2.68,2.83,1.33,3.12,2.77,0,0,3.06,0.05,0,2.03,15.35,10.15,6.22,4.45,4.03,0,1.48,3.65,3.15,5.87,2.53,1.95,4.38,4.23,0.04,0,2.4,0,0,4.07,1.81,1.38,0,0,0,1.32,0.01,0,0,0,0,0,0.48,0.94,12.25,2.39,11.97,11.96,13.58,3.74,
1999,3.91,0.08,0,1.6,7.04,8.85,10.46,4.71,2.07,5.44,6.43,0,1.18,0,2.27,8.95,7.08,3.63,7.09,4.23,3.91,2.35,1.81,11.08,0,2.15,2.24,0,0,0,0,1.68,0,0.9,2.37,2.72,0,2.85,6.47,0.94,15,0.07,0,1.57,0.09,2.11,0.13,0.71,5.86,2.82,5.23,0,0.34,0.91,6.03,9.92,0.37,0,0.04,11.39,3.38,2.3,1.58,0.49,0,0.57,3.04,0.16,2.16,1.58,0,0,3.93,1.27,0,0,0,0,1.03,0,1.46,0,0,0,0,0.22,0.87,0.12,1.33,1.06,2.92,0,0.1,0.16,2.33,0.47,2.44,4.32,1.73,6.65,0,0,0.55,2.05,0.17,0,0,0,1.44,0.14,9.7,4.47,11.19,3.56,0.48,1.76,2.57,0.64,15.16,9.02,1.93,0.28,0.05,1.76,2.27,0,1.82,1.34,0.01,0,0,0.02,1.45,5.49,0,2.78,2.91,1.34,0,0,1.17,0,0,0,0,1.95,0.84,1.23,3.39,2.47,9.4,2.17,0,3.39,6.52,1.68,3.18,2.45,3.2,6.62,0,2.33,0.16,0.29,1.58,3.52,0,0.03,3.39,2.24,0,0,0.35,3.68,1.33,3.73,0,0,1.36,5.59,1.36,4.76,4.74,6.54,0.43,0,0,1.52,0,0,0,0,0,0,0,1.46,0,5.2,7.56,6.1,1.43,0.67,1.21,0,0,0,0,0,0,0,1.43,1.52,0,0.18,0.24,0.55,2.15,2.06,4.09,5.08,0.1,0,0,3.93,8.26,2.76,0,0.29,0,0,0,0.02,3.73,0.05,0,0,0,0,0,1.59,8.71,0,3.27,0.04,3.18,13.06,9.78,0,0,0,0,0,0,0,0,0,0,0,0,1.27,0,0.24,0,1.36,0,0,1.46,0.47,0,0.01,0,2.89,3.91,0,0.39,0,5.13,0,1.62,0,0,1.62,0,0,0,0,0,3.39,5.64,0.05,6.24,0,2,0,0,0,1.62,0,0,2.12,0.03,2.14,0,1.78,0,0,1.51,0,8.13,1.53,0,1.23,0,0,0,0,0,0,0,0,0,0,0,0,0.5,1.48,0,0,5.74,22.72,12.4,0,0,1.21,0,0.64,0,0,0,0,4.67,0,0.05,1.7,0,2.2,5.27,0.96,4.55,9.19,8.95,2.18,11.13,1,11.26,5.18,1.17,0,1.2,0,0,1.43,0,0,0,
2000,0.62,0,0.61,0.03,7.56,1.37,0,0,2.01,4.61,10.01,24.73,0.59,3.4,0,5.78,3.39,0,2.34,0,1.48,0,1.57,0.54,1.47,1.7,0.1,0,0,0,0,0,1.52,5.56,0,1.36,1.98,1.2,0.05,0.26,4.16,0.11,8.67,4.72,5.37,17.51,1.99,0.03,0,0,0.01,2.33,0.54,0,0,1.25,3.96,2.98,3.68,0.03,0.01,0,0,0,0,1.54,2.84,4.16,9.23,1.99,0,3.11,1.69,3.69,0.25,0,4.07,0.04,2.38,3.31,0,4.07,3.2,1.55,0,1.57,0,0,0.11,0.36,0.13,0,3.42,0.06,5.68,1.66,0.01,3.24,1.98,1.05,0,0,1.75,0,1.91,0.43,0,2.16,0.11,2.62,2.08,0,0,2.02,2.01,0,5.45,0.2,1.47,4.52,0.21,4.78,0,0,0,0,1.95,4.07,8.43,6.65,11.52,2.1,2.05,1.42,0.02,1.42,1.24,12.55,13.53,2.89,0.87,0.02,1.75,0,0,8.53,4.83,4.4,5.47,4.82,1.38,0.03,0,0,1.76,0,0,0,1.13,0,0,1.6,2.03,0.04,5.35,1.97,5.76,4.3,2.68,1.67,4.94,11.13,4.36,2.51,1.36,1.01,1.75,0.18,1.24,0.9,3,0,0,0.79,0,1.48,0,0,0,0,1.57,0,0,0,0,0,0,0,0,1.84,6.07,5.38,0,1.17,0,0,0,0,0,0,0,0,0,0.18,1.36,0,0,7.44,2.78,0,0,0,0,0,0,0,0,0,0,0,0,3.19,0,0,0,0,0,0,0,4.42,0,0,0,3.55,0,4.86,1.94,0,0,0,1.8,0,0,1.95,3.5,0,0,0,0,0,0,0,1.69,1.31,1.84,6,4.58,0.42,2.04,0,0,0,1.31,2.31,0.08,16.43,2.23,0,0,0,0,1.44,0,0,0,7.24,2.81,4.21,1.92,3.13,1.48,0,0,0,0,0,0,0,9.2,3.02,0.04,0,0,0,0,0,0.02,0,0.19,1.02,0,0,0,3.16,0,0,0.01,0,0,5.36,0.61,0.25,0,1.46,0,1.72,0,0,0,0,0,1.28,0.61,0,7.65,0,0,0,0,0.11,0,1.64,0,0,5.73,4.86,0,0,4.01,7.4,1.08,6.96,4.76,1.59,2.72,0,5.26,4.9,2.19,0.34,0,1.31,0.02,0,0,0.49
2001,2.01,0.04,1.41,0.43,1.68,0,0,0,0,0.53,0,0,0.22,0,0,0,0,0,3.37,2.66,0,0.23,0,0,0,0,0,0,0,0,0,0,0.27,3.88,0,6.03,4.46,0.19,0,0,1.4,0.04,0,4.32,0,0,1.9,3.99,0,2.65,0.09,3.8,0.45,0.02,3.28,0.32,2.51,0,0,0,0,2.19,0.72,3.36,2.16,0,0,0,2.14,0.02,0,1.22,1.5,0.78,0,0,2.99,2.26,4.27,2.52,0,0,0,0,3.07,5.14,0,0.17,0.77,0.75,5.81,1.57,1.8,5.98,6.79,0.22,1.32,2.69,7.5,1.77,0.14,0.22,6.27,4.24,0.16,4.17,0.17,2.79,0,0.49,1.07,0.32,0,1.87,0,1.81,0,0,1.68,0.01,5.08,0,0.42,0,3.18,1.46,0,0,1.64,0,0,0,0,1.56,0,17.86,7.42,0,0,1.78,0.18,1.47,0,0,0,6.98,0,7.55,4.04,0,1.59,0,0,0.59,8.36,2.47,2.14,3.59,0,0.06,0,0,0.87,16.74,37.54,7.29,0.02,3.41,2.61,2.36,0,0,0,0,0,0,0,0.31,0,0,0,0,0,0,0,0,1.41,0,0,0.94,7.02,3.42,3.16,0,2.82,13.6,6.67,3.37,2.91,0.35,0,0,0,0,0,0,0,0,0,0,0,0,0.58,0.01,0,0,1.39,0,0,0,0.14,0,0,1.88,0,0,2.16,4.14,0.22,0,0,0,0,0,0,0,0,0,0,0,0,0,0,0,0,0,0,1.31,5.02,14.17,6.51,1.75,0,0,0,1.45,0.01,2.66,0,4.01,0.13,0,0.1,0,2.7,0,0,0,0,0,0,0,0,0,0,0,0,0.2,1.46,1.46,0,0,0.01,3.24,2.03,12.18,3,7.64,1.8,4.8,0,0,3.07,0,0,5.72,6.9,1.46,2.32,3.65,1.94,0,0,1.97,0.75,1.77,1.28,0,0,0.43,6.78,0.03,5.73,0,0,1.4,0,1.24,0,0,0,0,0,0.13,0.43,3.53,7.12,1.78,2.06,2.17,0,0,2.31,3.39,0,4.25,6.18,3.12,0,4.89,3.46,0,1.2,0,0,0,0,7.04,5.32,0,1.66,3.15,2.95,1.52,1.46,0,0,0,0,0,0,0,2.35,0.05,0.51,
2002,2.63,0,3.72,1.65,0,0,2.66,1.74,1.7,0,0,0,1.54,0,0,0,0,0.15,0.15,0.16,5.47,11.36,0.62,1.59,6.67,7.95,5.25,6.16,0.5,0,0,2.91,2.2,0,0,0,3.26,0,3.6,0.3,0,2.43,0,0,0,0,0,0.01,1.32,0.08,1.48,0,0.57,2.38,2.88,4.2,0,0.37,3.69,0,0,0.25,1.1,1.93,4.27,6.6,7.88,0,2.64,2.84,5.2,9.97,0.49,0,0,0.29,0,0.41,9.35,11.88,2.46,2.64,2.78,0,1.36,2.69,0.1,3.67,2.33,1.3,1.79,0,0,0,0,1.59,0.58,0.5,0,2.44,6.21,1.6,2.06,2.05,6,10.91,3.61,5.69,0.21,0,0.28,3.31,2.61,0.53,0.01,1.27,0,1.4,1.9,2.07,5.47,0.86,4.14,2.71,5,7.61,12.41,2.17,0,2.66,1.96,1.85,1.34,2.68,0,0,1.83,0,1.45,0,1.15,4.78,7.26,3.66,1.9,1.95,2.43,1.78,1.93,0.43,0.7,2.07,1.78,6.67,0.78,1.36,2.21,0,0.08,7.85,9.99,8.12,5.09,0,0,0,0,0.6,2.02,5.05,2.48,2.31,1.53,2.52,0.8,0,0,1.31,0,0,0,0,0,0,0,0,0,0,0.39,0,0,1.14,0,1.29,0,2.87,0,4.1,10.26,4.71,0.66,4.38,3.29,7,3.24,0,1.14,2.94,13.1,3.71,0,0,0,0,1.14,8.92,6.19,0,1.36,1.7,1.29,2.63,0,0,0,0,1.44,0,0,0,0,0,0,5.12,0,2.03,0.33,0,11.74,1.19,0,0,0,0.11,0,0,0,0,0,9.07,3.79,1.88,0,0,0,0,0,0,0,1.41,5.36,0,0,0,1.16,0,1.16,0,0,0,0.22,3.06,1.06,0,4.16,1.78,6.46,5.1,3.39,1.67,0,0,0,3.29,8.81,3.03,1.71,0,0,0,0,0,0,0,3.77,6.45,2.49,0.05,0,0,2.28,0.53,0.29,0,0,0,0,3.09,0,0.62,3.2,0,2.37,0.02,0.09,1.37,2.52,0.02,0.05,0,2.02,0,1.42,1.75,0.35,1.82,0.39,13.58,0,3.06,2.51,2.43,1.35,0,0,0.01,0,0,0,0,0,0,0,0,0.02,0.26,3.21,2.8,1.53,0,0.11,0.32,0,0,1.83,2.13,0,0,0,0,4.04,18.14,5.08,0,0.45,
2003,2.82,0,1.72,2.22,1.45,0,0,0.98,0,0,0,0,2.69,5.39,6.87,0,0,0,1.13,0.19,2.1,8.03,9.75,5.37,0.39,3.68,6.34,19.05,0,5.37,11.49,16.55,14.67,0.51,0,0,0.32,0.45,0.69,0.39,7.42,6.36,0,0,5.86,3.98,0,1.69,1.47,0,0,2.61,9.57,4.17,0,0,1.74,0,0,0.4,0.01,2.95,0.67,0.68,9.14,12.71,8.82,7.15,10.03,2.59,2.8,4.48,0,0,0,0,0.06,0.02,0,0,0,5.19,0.25,0,8.45,18.36,3.25,1.53,3.49,1.66,0,1.91,0,0,0,0.04,0.77,3.35,0.62,0.01,1.47,0,0,0,2.26,2.48,0,6.15,0.29,0,1.66,0.45,7.87,0.34,0,0.4,1.96,2.79,4.41,1.62,8.41,7.24,3.63,3.08,2.45,0.9,1.95,3.59,1.48,1.53,4.68,2.15,7.51,1.52,0,0,0,0,0,0,1.37,1.87,0,0,0,0,0,0,0.26,0,3.95,8.88,0.02,0.4,0,0.86,2.84,3.26,2.8,1.86,0.38,0,0,0,0.24,0,7.16,0,2.38,0,1.99,0.49,0,2.4,6.16,5.9,0.15,1.28,2.6,1.16,0,0,1.53,0,0,0,0,0,0,0,0,0,0,0,0,0,0,0,0,0.25,0,0,0,0,0,2.81,0.9,2.64,0,0,0,0,0,0,1.84,0.98,0.01,0,0.36,0,0.73,0,0.76,3.28,0.04,1.27,0,0,0.76,0,0,0,0,0,0.57,0,0,0,0,0.02,0.79,0,0,0,0,0,0,0.25,0,1.69,0.1,0,1.17,1.04,0.68,1.4,1.39,0.33,2.38,0.13,0,0,0,0,0,1.68,1.54,0,0,0,0,0,0,0,0,0,0,1.08,0,0,2.75,0,4.89,7.5,3.22,0.02,0,1.14,4.77,3.99,0,0,0,0,0,0,0,0,0,1.11,2.6,11.51,7.65,2.97,0,1.82,0,2.66,0,1.81,0,0,0.98,0.32,5.54,11.26,0,4.04,0,0,3.01,3.77,6.61,2.49,7.09,0.57,0,0.22,6.67,1.82,0.09,0,3.48,1.36,1.09,0,1.82,2.37,3.57,0.93,1.19,6.15,0,0,1.04,1.3,3.38,14.97,2.93,0,2.65,0,1.4,0.48,1.55,0,3.25,0,0,0,3.77,5.79,5.07,5.03,1.02,
2004,4.27,4.55,0.06,0.08,2.11,3.68,0.68,2.2,2.75,0,0,0,0,0,0,0,0,0,0,0,0,0,0,1.53,3.1,7.93,0.09,1.49,5.06,7.4,5.54,0,0,5.66,0,0.99,0,0,0.02,0,2.38,0.43,0,0.03,0,0.08,0,0.67,9.9,5.45,0,0,0,0,0,0,0,1.72,2.92,5.52,0.27,2.41,0.75,1.24,3.34,2.41,0.6,2.15,1.07,0,0,0,0,0,2.88,3.08,7.3,3.21,0.96,0,0,0,0,0,0,0,0,1.38,0.94,0,0.38,1.79,0.03,0,0,0,0,2.51,0,3.45,0.02,2.63,0,0,0,0,0,0,6.88,5.9,5.24,1.82,1.96,0,3.45,0,0,0.6,0.43,2.85,0,0,1.33,0.46,1.3,0,0,0,0,0,0,0.22,0.29,0,2.03,1.52,3.53,6.57,1.64,6.93,1.13,2.3,5.56,5.04,2.85,2.67,0.58,2.68,6.47,0.48,2.88,2.68,1.23,0,1.14,0.79,0,1.5,0.35,0.07,0,11.04,23.51,3.88,3.42,0.62,0,0.44,0.73,3.41,1.02,3.59,2.42,0,1.55,2.32,0.05,4.05,2.72,0,1.28,3.52,1.58,0.71,0.42,0.9,10.04,1.69,2.91,0.51,0,0,0,0,0,0.32,2.08,0,0,0,2.67,0.61,1.16,2.48,2.96,1.1,2.41,1.55,1.34,1.57,0,0,0,0,0,2.71,0.46,1.45,0,0,0,0,0,0,0,0,0.35,0,0,1.41,1.43,2.34,1.7,3.02,1.71,1.73,2.36,6.96,20.25,7.27,4.13,3.04,0,0,1,0.68,0.14,5.11,1.47,1,0,0,0,0,0,0.07,4.56,14.28,4.85,2.92,3.02,0,0,11.11,3.41,0.08,2.01,2.25,0,0,0.68,0,0,2.52,0,0.07,0,0,0,0,1.53,0,0.02,0,0,0,2.49,0,2.5,7.04,1.61,1.59,3.88,1.53,1.11,0,1.49,15.27,2.3,0.04,0,0.1,10.1,3.02,5.34,0,0,2.44,4.46,0.13,0,0,0,0,0,0,0,0,0,0,0,0,0,2.24,0,0,0,0,0,8.38,6,0,0.2,0.36,0,1.49,0.27,1.46,0,0,0,1.45,2.45,5.2,2.72,7.81,0.52,0,1.61,2.52,0,1.19,0,1.37,0.43,0,0.01,1.25,3.48,2.19,0.54,0,1.26,0,2.39,2.78
2005,3.13,0.64,0,4.84,0,2.43,0,2.89,8.49,3.6,0,0,1,5.42,0,1.75,5.06,1.12,2.19,0,0,0,0,0,0,0,0,0,0.84,0,0,1.24,0,0,0,1.45,0.17,0,0,2.67,0,0,1.32,1.16,6.75,6.58,0,0,0,1.48,3.61,3.71,1.31,0,0,0,0,0,0,0,0,0,0,0,0.98,0,2.86,5.41,3.11,0,0.01,1.51,0,3.72,3.12,4.12,4.83,4.91,4.47,3.42,0.25,1.74,2.61,0.17,2.62,0,3.03,0.07,2.53,0.02,0.01,3.24,0,1.29,2.91,0,0,0,9.8,1.26,0,0,0,1.36,0,0,0,0.01,6.19,2.81,1.42,10.71,0.14,0.14,0,0,4.1,3.78,1.31,0,0,0,1.7,3.22,1.62,1.69,0.73,5.26,1.67,12.86,6.22,7.18,5.29,1.18,1.36,2.43,2.81,5.4,5.49,5.68,8.17,0,0.56,0,1.04,1.55,0,0,0,1.65,0,2.19,8,2.05,1.8,0.19,2.16,9.22,13.23,2.95,3.99,2.03,0.64,8.38,1.83,0.34,0,2.12,0,0,0,0,0.59,0.71,3.06,3.07,0,0.95,2.91,2.84,2.49,0,0.17,2.12,0,0.11,0,0,1.12,0,0,10.01,0.07,0.52,0,0,0,0,0,0,0,0,0,0,0,0,13.89,1.98,0.83,0,1.19,1.08,0,0.31,6.09,0.55,0.08,0,0,0,0.72,0.35,4.41,3.01,6.11,0.32,0,0.02,3.63,5.4,15.15,0,0,0,0,0.06,0,0,0,0,0,0,1.38,0,0,0,0,0,0,0,1.01,0,0,0.2,0.21,8.65,1.32,1.94,0,0,1.06,0,1.93,0,0.16,1.24,3.19,11,3.99,1.97,2.63,2.55,1.83,0,0.07,1.88,7.91,9.28,1.87,1.57,1.82,0.03,0,0,3.69,0,0,0,0,0,0,0,0,0,0,0,0,0,0,0,1.07,0.41,2.16,0,6.96,1.76,1.54,4.85,5.69,4.44,17.4,6.03,5.73,3.05,2.54,0.45,2.78,6.12,0.83,3.86,2.91,0.1,3.41,0,0,0.99,0,0,0,1.05,1.13,0,1.38,5.52,3.53,10.98,5.61,1.64,1.48,7.36,0,0,1.6,1.42,1.33,0,1.22,0,0,0.36,0,0,0,3.95,3.26,1.87,4,0.12,1.81,0.2,0.85,1.66,9.7,0.41,4.65,
2006,8.67,0,2.68,3.22,1.84,1.62,1.34,2.28,2.01,0.16,5.62,10.38,0,2.66,0.34,0.56,0.21,4.19,2.18,1.2,2.7,1.39,0,1.6,0,0,1.36,0.09,3.14,2.32,8.91,0.33,3.76,1.91,4.27,2.3,0,0,1.45,0,0,0,0,1.45,2.77,3,0,0.12,0,0,0,0,2.89,4.97,4.41,7.74,0,1.15,1.85,0.06,0,0,1.51,1.41,0.95,0.47,0,0.29,0.02,0,0.01,1.18,2.46,3.29,7.32,1.29,1.23,1.67,0.55,0.01,1.59,0,1.28,1.22,0,0,0,1.32,3.01,0,1.56,0,0,1.23,1.55,3.83,3.34,0,0.12,3.3,0,0.03,3.17,7.21,0,1.27,1.11,13.35,0,1.31,0.07,0,0,0,0.14,0,1.16,0,0,0,0.3,0,0,0,0,0,3.29,4.03,12.32,0.41,3.66,4.06,0.08,0,0,0,0,0,0.04,0,0.56,0,1.73,0,0.6,0,0.54,6.27,2.35,1.69,0,1.53,2.97,1.05,0,1.64,0,1.75,1.17,1.92,8.14,1.81,5.39,2.92,0.27,1.18,3.5,0,0.11,0,1.94,0,0,2.74,0,0,0,0,0.06,3.68,0.14,0.94,0.96,1.36,1.21,0.96,11.79,0.61,0.03,6.3,2.4,3.23,5.03,2.5,0.13,0,0,0,0,0,0,0,0,0,0.29,0.28,0.45,0,0,1.1,0,0,0.22,0,0.13,0.3,0.14,3.78,0.78,3.25,0,0,0,0.01,0,0,0,0.62,0.68,0,0,0,0,0,0,0,0.24,0.28,0.53,0,2.56,0,0,0,0,0,0,0,1.55,0,0,0,0,0,0,0,0.93,5.42,8.38,2.39,4.17,0,4.79,5.83,6.42,10.62,0,0,1.6,1.93,0,1.26,0,0,2.72,4.93,0.8,1.78,5.3,5.6,2.93,3.12,3.37,2.83,0,0,0,0.27,2.86,5.83,0,4.05,7.24,2.43,0.11,2.59,0,3.31,0,0,0,0,0,0,0,0,2.41,0.54,0,0.74,4.79,3.18,9.37,2.78,1.86,2.34,0.52,6.15,5.63,2.04,4.85,0,0,1.22,1.23,0.19,0,0,1.42,0.3,0.45,4.64,0,0,0.98,3.45,0,0.56,0.05,1.56,2.72,0,0,0,0,0,3.48,7.47,10.44,9.42,2.56,0,0,0,0,2.36,1.11,4.47,0.46,6.59,10.38,2.15,0,0,0,
2007,0,1.02,0.54,10.86,4.4,3.65,1.39,2.89,6.24,1.31,3.98,3.83,0,1.24,0,0,1.44,1.34,0.03,0.22,0.43,0,0,0.41,0,0,0,0,0,0,0.08,1.7,0.47,1.37,1.34,2.56,1.59,0.99,0,2.88,2.74,2.71,7.17,2.49,1.68,3.5,6.22,3.27,0.48,3.57,0.45,4.85,7.73,1.83,0.14,0,0.29,0.24,1.42,0.54,0.07,1.12,1.46,2.49,0.6,0,1.71,3.16,0.3,0,1.67,0,2.54,0,1.25,1.32,0,0,0,0,0,0,0,0,0,0.67,3.91,2.06,0.62,5.14,5.01,12.54,13.87,2.99,4.46,0,0,0,1.48,7.35,1.79,1.43,0,3.36,0.32,0.03,0,0,7.93,12.09,2.22,1.43,2.99,4.9,1.43,1.98,0.06,1.6,0,0,0,0,0,0.3,0,5.65,2.78,0,0,1.58,0,0,0,0,0,0,0,0.28,0,0.27,0,0.86,11.7,2.21,6.06,1.32,3.62,0,0,0.01,0,1.81,0,0.64,0.34,2.41,6.04,33.02,1.52,3.24,1.45,0.35,1.15,0,0,0.65,0,0.15,0.01,1.26,2.59,0.01,0,0,0,0,0,0,0,1.3,0,0,0,0,0,0,0,0,0,0,0,0,0,0,0,0.4,1.85,0.92,0,0,0,0,0,0,0.23,3.78,10.88,8.94,18.63,2.91,1.29,1.33,0,0.83,0.08,0,0.16,2.73,4.44,0,0,0,0,0,1.68,0,0.1,0.39,4.55,6.6,1.12,3.42,4.2,2.12,4.37,2.43,1.42,0.01,0,0,0,0.03,0.47,0.11,0,0,0.62,10.59,4.62,2.31,2.02,0.4,2.12,0.08,0,0,0.01,0,0,0.12,1.94,3.19,1.91,2.14,0.09,1.71,3.36,0,1.34,0,0,0.3,4.12,0,1.9,3.37,5.25,12.75,9.83,2.99,5.2,0,1.06,0,0,0,0,0,0,1.65,2.88,4.99,32.21,4.28,2.65,1.55,0,0,0,0,0,0,0.89,6.57,1.36,1.02,0,0,0,0,1.41,0.04,0,0,3.32,3.22,3.23,3.96,0,2.92,1.94,10.94,6.62,13.58,0.16,0,1.12,1.55,1.78,0,0,1.38,0,2.77,1.81,0.4,4.13,15.63,8.68,0.01,3.37,0,0,0.37,0,0,0,0,1.3,0,3.1,2.03,1.87,5.77,7.57,0.02,1.67,1.51,4.13,0,0,0,1.33,4.57,5.14,
2008,3.21,1.43,1.62,1.16,1.81,2.21,0.99,0.04,1.5,1.93,2.83,2.71,0,0,1.89,2.34,0.49,3.21,3.71,6.23,2.77,0,0.64,1.08,0,1.39,4.11,3.89,5.69,3.38,0.69,6.54,2.88,1.2,1.68,0,0.6,1.79,5.88,3.93,6.39,5.23,5.23,2.18,6.62,0,2.94,2.99,0,0.92,0,0,0,0,0.35,4.77,3.4,0,4.69,0.07,1.07,0.41,0.01,2.51,0.77,0.67,1.08,1.2,0,0,0.86,0,0.34,6.15,0.82,0,0.1,1.29,5.57,16.24,3,1.41,0,2.35,1.94,3.35,6.1,3.37,5.76,4.65,3.63,0.65,0.03,0.49,1.48,5.22,0.62,0,1.84,1.41,0.07,0,0,0,1.14,1.75,0.05,0,0.05,2.85,0.63,1.93,0.01,1.38,2.75,2.86,4.27,0,1.42,1.33,0,0.21,0.12,2.14,0,0,0.08,1.5,11.95,2.39,9.4,4.2,9.73,8.14,1.91,0,0,0,0,1.24,0,3.1,19.06,23.58,4.14,9.52,3.09,1.08,1.05,5.94,1.91,0,0,0.24,2.06,2.07,5.96,4.37,9.33,4.23,4.57,8.98,5.32,7.49,3.82,2.09,0.02,0,0,0,0,0,0,0,0.02,0,0.31,0.29,0.62,0,0,0,0.03,0.53,0,0,0,0,0,0,0,0,0,0,0,0,0,2.02,0,2.43,2.96,0.3,2.24,1.08,0.01,0,0.11,0,0,0,0,0,0,0,1.3,0,0,0,0,0,0.13,4.26,1.74,0,0,0,0,3.78,0,0.06,0,0,0.16,0,0,0,0,0,0,0,0,0,5.74,2.47,3.54,5.66,2.98,2.42,0.44,4.13,3.72,0.47,0,4.38,7.35,0.41,2.78,0,0,1.17,0,1.2,0,0.05,0.55,0,0.56,2.47,4.16,0,0,0,0,0,0,1.58,1.57,0,1.14,0.22,0,0.39,0,5.96,5.27,8.36,3.98,3.54,3.45,4.04,0,0,1.54,0,0.66,2.98,0,1.83,0,0,0,0,0,0,0,2.61,0.38,0.54,0.26,1.76,0,0,4.16,0.4,0,5.35,2.1,9.08,8.76,1.1,5.02,0,0,0,0,0,2.1,0,0,0,0,0,0,1.24,1.97,0.76,1.59,5.41,0,0,2.98,2.04,1.02,1.56,1.43,1.25,0.12,2.91,6.47,0.13,0.38,0.18,0.71,4.02,1.93,1.03,6.12,4.61,0,4.75,1.21,1.31,3.33,9.23,10.77,0.44
2009,6.5,11.16,12.13,0.48,0,3.7,10.39,17.53,8.84,1.69,0.08,7.49,4.34,0,0,0,0,0,0,0,0.96,0,1.93,0.6,5.72,2.46,0.02,1.34,3.2,1.56,0,0,0,3.15,0,0,1.15,1.92,0,0,0,0.33,1.04,0,0.21,1.44,0.18,0,2,0.68,1.43,2.4,1.01,2.48,2.23,6.13,3.48,5.62,0,1.36,2.86,2.25,9.35,8.44,1.83,1.53,0.29,6.42,0,1.2,1.36,0.14,2.41,0.49,2.07,8.17,7.79,0,1.08,0,1.76,2.85,1.69,0.38,2.33,0.32,1.43,10.9,8.28,2.59,2.71,1.98,4.3,6.6,0,1.42,1.23,1.18,10.14,4.52,2.88,0.01,0,1.65,2.85,0.48,0.01,1.43,0,0,0,0,2.11,2.02,5.93,0.75,4.8,1.02,8.67,5.03,5.48,0.53,4.49,4.65,1.09,4.22,12.62,8.24,3.54,0,0,1.81,6.94,3.66,6.46,0,2.79,0,0,0,0,0,0,0,2.77,0,0,0,0,0.04,0.19,0.37,1.43,7.51,7.09,2.8,9.35,13.99,9.25,10.1,2.53,2.86,0,0.86,2.59,2.85,2.72,1.75,4.15,0.77,2.22,6.19,4.95,0,1.58,2.14,0,1.07,3.07,1.15,2.86,7.36,5.37,7.56,2.08,3.49,4.82,1.7,0,0.22,0,2.43,2.71,0,2.81,0,2.23,2.35,0,2.31,1.38,0,0,0.14,0,0,0.21,0.4,7.36,6.92,0,1.68,0,3.49,0.58,1.71,2.52,0.97,9.86,1.75,3.19,1.27,1.61,2.85,0,0,0,0,0,0,6.57,1.05,0,0.15,0,2.12,0.08,0,0,0,0,1.17,0.72,0.53,0.29,0,0,3.42,0.33,0,0,0,0,0,0,0,5.06,2.21,0,0,0,0,0,0,0,0,0,0,0,0,0,0,12.5,0,0,0,2.08,2.52,1.06,3.59,6.67,1.38,0.12,3.38,2.27,4.75,1.49,11.99,0,0,0.03,0.6,4.75,0,0,0.01,6.68,0,0,2.49,2.48,2.81,1,3.33,2.93,1.25,0,0,1.12,1.33,3.31,0.03,0,0,2.69,4.03,7.79,0,0,0,0.25,0,0,0,0.52,2.96,0.01,0.01,3.77,0,0.22,0,0,0,0.29,0.9,0,0,2.64,0,0.14,2.14,1.8,0,2.02,0.01,8.13,3.36,3.92,5.7,2.18,0,1.55,0.53,1.25,0.54,0,0.61,0,0,0,0,0,1.24,0,
2010,4.29,3.83,0.09,1.01,2.6,12.1,0,0,0,1.12,0,0,1.16,0,0,0,0.16,0,0,0,0,0,6.42,3.03,1.29,0.72,3.87,0,0,2.71,0,0.05,1.18,1.81,0.71,0,2.13,0.35,1.6,0,0,0,0.42,3.76,3.46,0,1.7,1.74,3.38,0,0,0,0,0,0,4.33,0.01,0,0,0,0,0.99,0,1.5,0,0,0,0,0,0,0.99,0,0.22,0,0,0,0,0,0.02,2.43,0.21,1.41,0,0.15,2.55,0.23,0,2.76,7.39,14.06,1.4,2.17,0.4,5.44,0,0.17,2.54,1.82,1.35,0,0,0,2.08,9.12,0,0,1.25,0,0,1.25,0,1.86,2.32,0,3.32,0,0.01,11,2.83,8.64,5.35,0.82,3.15,11.79,0,5.35,1.92,0,7.94,0.9,1.78,3.76,0.78,0,1.24,1.68,0,1.28,2.59,2.56,0.09,1.24,1.76,3.06,6.78,0.98,3.36,1.83,3.89,2.96,3.43,2.72,4.1,4.6,6.04,20.48,3.18,8.19,7.57,0,0.34,5.5,0.75,0.23,0,1.43,2.43,7.41,0.33,1.38,1.54,5.62,0,3.91,1.35,0,1.26,0.3,0,0,0.59,3.89,0.01,0.08,0,1.19,3.01,3.6,0,1.23,0,0,0.58,0,0,0,0,0,1.55,0,0.12,0.07,0.9,0,0,0,0.16,2.98,0.5,2.24,0,0,3.91,0,0,0,0,0.48,3.45,2.11,1.14,4.33,3.67,0,0.13,5.36,1.92,0,0,0,0,0,0,0,2.57,1.52,0,0,0,0,11,0.52,3.42,2.85,7.37,0,0,0,0.23,0,1.53,2.58,6.88,3.57,0,0,0,0.81,0,0.03,0,0,0,0,0,2.07,0,0,0,0,0,0,0,0,0,0,0,0,2.57,0,0,11.58,1.78,0.53,0.1,0,1.2,0,0,3.24,0,0,0,0,0,0,0,19.18,3.1,0.02,0.26,1.8,1.5,2.75,2.21,1.36,0,0,0,0,0,0,8.47,0,0,0,1.95,1.78,8.31,6.55,6.35,2.02,2.08,17.88,15.1,0,4.89,6.48,0.56,4.39,3.15,0,1.14,0,1.78,4.61,14.25,6.1,0,0,3.43,0,3.01,1.26,5.04,2.77,9.54,1.98,10.13,0,0,0,3.55,11.67,1.87,0,4.49,0,0,0,0,0.01,2.87,4.13,0.4,
2011,0,0,0.04,0,1.79,2.48,3.18,1.43,3.93,0,0,0,5.06,5.86,2.92,1.87,15.38,8.16,0.73,0,3.05,6.79,4.47,4.88,1.86,1.71,1.09,0,0.65,1.13,3.06,0,0,0,0.12,4.07,7.65,4.57,5.01,0,0,0.21,0.56,1.62,0,1.01,0,0.97,0,2.3,1.36,6.42,1.98,2.55,1.2,2.99,0.51,1.52,0,3.4,0,2.53,8.38,0.02,4.73,0.3,0,1.71,3.41,5.79,0.2,0,1.66,3.01,2.45,18.33,2.24,0.09,1.87,1.97,6.42,10.32,0.27,2.09,0.03,0.01,1.15,0,2.13,9.89,6.79,3.89,4.21,0.1,5.71,10.63,11.47,7.13,4.12,0.86,0,0.28,0.98,0,0,0,4.73,7.27,8.84,2.34,1.82,0.71,0,0,0,4.98,4.17,0.37,9.09,4.66,4.64,0,0.08,0,0,0.05,1.75,12.46,7.79,5.09,4.76,0.28,1.13,0,0,0,0,0,0.29,7.97,20.74,2.44,0.09,4.85,17.41,2.8,7.7,3.43,3.48,5,7.32,2.32,0,0,0,0,0,0.16,10.15,9.66,8.83,0,1.92,2.09,4.39,1.65,0,0,1.38,2.78,1.68,1.55,0,0,0.14,0,0,0,0,1.28,0,0,0,0,0,5.75,4.61,3.22,0.02,2.02,1.39,0,9.65,7.74,0.81,0,0,0,0,0,0.28,0,0,0,0,0,0,0,0,0,0,0,0,10.1,0,0,0.03,1.57,1.34,2.08,0.64,1.38,0,0,0,0,0,0,0,0,0,0,0,0,0,0,0,0.54,6.01,0,8.51,4.86,0,3.95,0,0,0,0,0,0,0,0,0,0,0,0,0,0.93,0,1.22,2.23,0.02,0.08,0,0,0,0,0,0,0,0,0,0,1.87,0,0,0,0,8.24,5.42,10.7,0.38,0.54,3.05,2.65,1.41,1.75,3.73,2.27,8.46,0,0,0.01,2.15,4.96,0.01,0,10.56,0,0,0,3.24,0.04,0,10.09,1.55,0,1.13,2.72,8.64,1.17,0,1.38,0.03,1.49,2.24,4.14,3.98,4.44,0.73,1.91,18.08,3.63,6.19,3.39,1.26,3.97,0,0,4.69,0,0,0,1.24,2.35,1.53,0.67,2.58,2.49,0,0.33,0.41,0,0,0,0,0,0.85,2.78,0,1.66,0,1.35,0,0.43,5.66,0,0,0,0,0,1.41,11.01,8.01,19.83,
2012,0.84,1.35,0,0,0.95,0,0,0,0,0,3.52,0,0,0,1.07,3.6,0.52,0.51,12.33,23.23,5.32,2.62,0,0.1,0,5.07,4.42,0,0.8,2.37,2.84,2.07,1.35,0.58,0,0,0,0,0,0,1.35,5.54,1.16,1.34,0.49,0.21,0,0,0,1.99,0,1.74,15.33,20.86,0.51,2.43,1.84,0,0,3.59,2.6,1.4,2.61,8.93,2.39,0.88,3.92,0,0,0.89,0,1.11,2.47,0.01,3.88,0,0,0.19,7.91,5.46,0.21,1.16,0,1.17,0,0.88,0.13,0.89,0.37,1.18,6.43,0.99,0,2.84,0,0,1.72,13.66,0.12,0,0.18,0,2.21,5.5,0.02,0,0.97,4.01,6.04,10.61,0.07,1.52,0,0,1.73,2.83,0,0,0.17,7.74,1.72,9.53,5.45,3.28,3.58,0,5.89,2.46,0,0.01,0,0.47,0,0,0,1.55,0,1.5,1.51,6.98,1.71,0,1.71,14.1,3.37,1.99,9.2,11.87,8.49,3.26,5.77,2.02,2.52,1.3,4.85,1.57,0.19,0,0,0,3.93,3.47,3.79,0,0,1.1,0,0,0,0,0,0,0,0,0,0,0,0,0,0,0,0,0,0,0,0,0,1.57,0.01,0.47,0.37,0,0.85,1.71,0,2.67,6.15,0.49,13.82,0,1.27,0,0,0,1.79,1.61,0,0,0,7.34,2.77,0.75,0,0,0,0,0,0,1.46,0,0,0,2.92,6.16,0,0,0,0,0,0,1.08,0,0,0,1.28,1.82,0,0,0,2.56,0,0,0,0,1.57,8.95,0,0,0,0,3.9,0,1.1,0,0,0,0,0,0,0,0.11,1.04,0,0,0,0,0,0,0,0.3,0,0,0,0,0,0,1.15,0,0,0.64,1.32,0,0.24,0,0,0,1.46,0,0,2.72,9.15,0,0.01,1.43,5.81,0,7.15,0.01,0,0,1.33,8.08,10.23,3.87,0,0,0,0,0,0,0,0,0,1.66,4.89,0.21,0,0.26,2.03,1.53,1.5,2.38,1.41,0,1.41,1.17,4.07,0,2.35,4.03,8.39,0,0.18,1.79,2.8,5.9,5.11,1.63,0,6.77,5.87,5.44,1.61,1.14,0.17,6.31,6.04,6.15,3.26,0.95,0,1.31,11.43,0,0,0.48,0,1.31,1.26,5.77,0,0.46,0,0,0,0
2013,0.04,0.08,0,2.38,0,0,1.93,2.46,4.48,0.01,2.96,0.61,0,0,2.3,4.42,1.17,1.33,0,0,0,0,0,0,2.58,1.26,1.29,6.86,0,0.65,10.54,6.49,2.25,0,0,2.62,0,0,0,0,1.18,0,0,1.53,6.79,5.04,0.51,0.02,0.53,0,1.31,1.19,0,2.51,3.75,0,0,0,0,2.32,1.68,1.08,4.04,0,0,4.09,0.43,0.14,0,0.94,2.11,2.24,0.95,0,0,0,7.55,1.19,0.01,6.25,3.38,0.73,0,0,1.21,0,0.89,0,3.33,0,0,0,0.21,1.35,0,2.19,3.32,12.51,1.61,0,2.15,0,0,16.41,0.57,0.02,0.06,0,4.72,1.55,3.07,7.39,0.66,0,2.63,0,2.16,0,2.12,6.34,0.06,0.19,0.1,6.42,0.39,0,0,1.57,0,0,0,0,0,0,0,0.26,3.16,10.69,12.4,11.02,3.72,1.52,8.62,10.38,0,1.43,1.97,1.94,8.78,17.83,1.59,1.56,0,6.28,0.24,0,0.12,0,1.85,0,0,0.46,2.46,2.18,5.68,0.69,0,1.43,0,0,0,0,1.8,0.47,0,3.35,2.32,0.21,0,0,7.17,0,0,0,0,9.46,10.48,6.81,2.59,0.39,0,0,0.04,0,0.14,0,0,1.57,3.36,0,2.24,0,0,0,0,0,0.05,0,0.25,0.41,4.6,6.73,4.66,4.81,0,0,0,0,0,0,0.19,3.78,0.46,0,0,0.16,0,0,0,0,0,0,0,0.3,3.77,3.32,0.27,0.58,0.28,0,0,0.6,0.12,0,0,4.31,1.55,0,1.27,0.01,1.15,0.45,0,1.98,0,0,4.53,21.12,0.75,0.76,13.33,9.44,0,0.28,0,1.23,0,0.81,6.68,3.51,0.96,4.79,5.56,17.87,3.53,1.2,13.01,2.07,5.42,1.65,0,0,0,0.17,0,0,3.57,2.64,0,6.69,2.4,1.58,3,0,0,0,0,0,0,0,1.96,0.24,0,1.95,5.18,0,3.45,6.55,0.06,2.28,6.04,5.17,2.53,0,0,0,0,0,0,0,9.14,0.43,0.26,1.15,6.33,0,0,0,3.39,0,0,0,0,0,1.6,13.83,21.7,0.35,0.03,0.24,0,0.77,1.74,2.91,3.8,1.81,0.05,1.58,1.54,0,0,0,0.04,0.88,0.11,0.82,8.37,11.67,1.69,0,0,0,0,2.95,2.33,
2014,7.94,4.54,0.39,4.12,2.63,0,1.91,1.65,1.17,3.01,7.35,7.5,4.44,8.6,5.7,0,0,0,0,0,0,0,0.66,0,1.04,0,1.68,0,0,9.97,5.88,2.4,0.02,1.11,2.18,0,0,1.2,6.16,9.81,7.95,0.6,3.63,9.39,2.58,7.07,8.73,5.35,2.03,3.85,4.74,4.87,7.89,1.69,11.07,11.8,5.09,1.6,3.48,15.1,3.38,4.41,14.17,1.39,3.52,12.4,0,2.44,0,13.38,0.23,0,0,3.59,0,2.25,7.55,1.94,1.28,0,0.04,0,1.7,2.23,0.48,7.41,5.88,2.8,9.85,14.55,1.07,0.65,7.59,1.12,0.37,1.5,1.17,1.58,1.7,1.21,0,0,7.26,0.35,0,4.19,1.69,1.9,7.85,0.03,1.16,0.25,2.51,1.37,2.89,5.18,22.33,4.58,0,0,0,1.79,1.4,0,0.35,0,10.06,4.49,3.11,5.8,4.82,2.41,1.46,0,1.85,0,0.11,0,0,1.46,0.2,0,0,0,0,0,0,0,0,0,0,0.89,4.16,1.63,0,0.45,1.35,3.21,6.07,3.01,1.46,2.82,0,0,0,0.81,2.15,4.6,7.27,6.42,2.93,1.32,0,2.12,1.79,4.63,1.82,3.79,5.96,2.58,0.34,0,0,0,0.5,0.75,0,0,0,0,0.56,5.3,0.04,0.3,0,0,9.26,0,0.58,0.38,0,0.07,1.74,1.65,0,0,0,0,0,7.26,0.22,0,2.36,0.37,2.84,0,6.1,2.42,0.45,0,4.79,0,0,0,0.61,0.15,2.42,1.85,0.01,0,0.15,6.11,1.12,3.56,8.03,10.22,2.3,7.33,0,0,1.6,3.91,9.73,4.82,3.57,2.36,0,0,0,0,0,5.22,3.79,7.7,1.45,3.16,0,0,0,0.69,0,16.59,0,0,0.18,0.47,0,0,0,1.05,6.3,3.7,2.71,3.45,0,0,0.32,0,0,0,0,0,0,0,3.49,0.1,3.27,0,0.65,0,1.39,0,0,0,0.08,1.15,0.36,0,1.38,10.2,1.98,0.04,1.61,1.25,0,4.08,0.08,0,3.2,0.96,0.46,0,1.48,14.43,0.85,0,0,4.02,12.39,0,1.67,0.08,1.57,0,1.95,0.35,7.85,3.53,4.5,20.81,13.63,0.01,2.07,13.18,0,4.95,0,3.56,4.33,0,2.69,0,0,0,0,1.01,0,1.12,5.62,0,0.71,0.09,0.01,2.85,3.91,16.24,6.32,2.16,9.14,1.71,0,2.13,4.57,0,0,
2015,0,1.6,2,0.7,7.67,26.92,2.39,0,0,0,1.3,1.29,0,0,0,0,1.87,2.41,11.83,0.05,0,0,1.13,1.16,5.29,1.66,0,1.31,1.86,0,0,0,1.94,4.86,3.7,5.47,2.57,0.1,4.42,0,3.74,1.91,0,0,0,0,8.38,0.01,0,0.14,2.57,3.39,1.9,0,1.1,2.16,3.28,0,0,0,0,2.2,1.32,0,0.9,0,0,1.03,0,0,1.4,0,0,0.3,0,1.6,1.55,0.08,0.98,0.9,0.09,0,0.45,3.48,0.31,0.99,1.87,0,0,0,0,0.5,0,0,0,8.63,2.08,2.38,1.27,0,1.98,0.98,2.27,2.84,3.27,10.73,0,1.3,0,0,0,0,0,1.56,0.5,2.15,1.6,1.13,2.96,0.14,3.02,0.11,0,0,0,3.53,0.68,2.39,1,0.35,0,3.68,7.41,0.08,3.43,13.61,12.89,3.07,1.66,0.52,0,1.25,1.59,3.81,2.04,0.01,3.01,0.57,11.46,2.95,1.49,1.35,2.07,2.12,0,1.9,0.73,2.13,0,1.7,0,5.06,1.91,4.15,2.4,0,7.12,2.69,0.2,0.11,0,0,0,0,0,0,0,0,0,1.32,0.02,0,0,0,0,0,3.21,3.54,1.61,1.06,2.85,7.63,6.26,0.67,0,0,0.55,0.7,0,0.03,0.57,0.16,1.17,2.09,2.05,3.47,0,0.36,3.52,0,0.01,0,0,0,2.4,1.61,9.56,12.8,1.19,0.11,6.71,0,2.7,0,0.74,0,3.35,0,1.06,1.95,2.22,0.09,1.4,0,0,0,0,0,0.09,1.01,0,1.01,0,0,0,0,1.45,3.58,1.12,4.76,4.37,0,0,0,0,0,0,3,3.81,3.21,4.27,2.02,0,0,0,0,0,0,0,0,0,0,0,0,0.08,10.87,8.39,1.53,0,0,0.14,0,0,0,0,0,0,0,0,0,0,0,11.41,2.85,2.9,0,0,1.62,0.06,2.52,1.09,0,0.24,5.35,7.77,3.99,11.34,5.83,0.32,1.66,0,1.17,1.07,5.07,0,0,0.01,0.46,1.06,0,1.62,2.14,4.97,9.09,0.19,1.38,0,1.12,0.55,1.58,0,0,0,0,0,0.01,2.79,0.64,0,0.01,2.29,11.88,4.7,4.96,5.64,0,0.7,3.33,4.79,0,2.98,0.7,8.37,6.29,3.1,7.26,2.64,1.4,0.85,0,0,2.15,1.4,0,0,
2016,0,1.27,0,0,1.84,1.96,0.09,2.04,0,0,0,0,0.26,2.09,3.8,0,3.6,3.66,2.17,0.23,4.02,1.34,0.02,0.5,0,0,0,0,1.85,12.34,2.02,1.3,0.14,0,0.11,1.62,1.61,1.9,1.29,0,0,1.32,0,0.09,0.69,6.64,12.51,4.45,0,0.27,1.66,0.05,0,0,0,1.22,1.32,0,3,1.66,2.92,2.62,2.27,0.01,0,0.94,0.04,0.11,0,2.53,1.07,0,1.17,6.63,4.71,1.38,1.04,3.48,0,0.97,0.4,5.4,5.11,2.63,3.07,1.13,0.38,3.14,4.46,5.5,9.13,2.26,1.33,0,0,1.91,0.57,0,1.24,1.43,0,0,0,0,0.59,4.01,1.73,0,2.74,7.48,6.88,0,0,0.01,5.17,1.24,1.46,0.57,1.26,1.17,3.25,0.01,0,0,0,1.29,0,0.27,0,0,2.25,1.35,2.64,1.75,0,0,4.98,5.21,2.54,0,0.51,1.59,3.06,4.18,1.92,3.78,5.54,4.39,1.93,1.64,0.89,0.56,0,0,0.65,0,0,0,0,2.79,0,0,0,0,0.32,1.83,3.53,8.15,0,0,1.14,0,0,1.31,0,1.22,0,0,1.35,0,0,1.79,6.47,1.9,0.48,5.2,2.62,0,2.88,0.02,0.6,0.78,12.59,1.98,0.19,0.26,0,0,0.08,0.26,0,0,0,0,0,0,0,0,0,2.5,0,0,0,3.97,0,0,0,0,0,1.37,0.74,0,0,0,0,0.46,0,0,0,0,0,6.67,0.74,0,0,0,0,2.25,0,0,0,0,0,0,3.41,0,0,0,2.64,0.63,8.6,1.17,0,0,0,2.58,11.53,1.6,0,0,0,12.03,1.72,0,0,0,2.6,1.33,0.93,0,0,0,0,0,0.01,1.22,5.65,10.95,0.32,2.71,2.25,2.85,0,1.59,1.89,0.64,1.91,4.51,1.67,3.19,5.57,8.35,2.7,0.36,1.45,0,0,0,3.4,0.01,0,2.06,12.1,4.87,4.58,2.75,0.02,1.44,0,0,0,1.46,0,0,0,0,1.39,0.02,0,0.77,3.2,10,1.81,3.67,3.73,0,2.97,0,0.42,0,0,0,0.07,0.56,0,2.45,0,2.19,4.01,8.12,0,0,0.41,7.25,8.18,3.98,0.04,1.56,0,3.65,34.55,6.06,2.04,0.28,4.13,7.05,0,0,3.21,0,0.05,0,4.08,0.16,0.69,4.52
2017,0,0.19,0,0,0,0,1.95,8.28,8.76,12.23,6.76,9.04,0,0,0,0,0,2.97,0,0,0,0,0.51,0,0,0,0,1.25,1.8,0.17,2.37,24.56,0.24,1.32,0.69,16.54,9.78,10.22,8.23,13.6,23.59,15.71,0,0,0,1.12,0,0,0,1.35,0.48,3.88,9.04,0.94,0.19,0,0.51,0.44,2.68,1.51,2.44,3.76,1.23,1.72,3.75,1.94,3.01,11.8,15.66,7.82,1.28,0.68,1.31,2.56,1.84,3.63,2.83,0,1.74,7.82,2.24,1.43,0,0,1.7,0.07,2.54,1.34,0.37,3.97,1.76,3.39,8.16,0,0.06,1.37,1.8,0.87,3.38,2.35,3.78,4.15,1.35,2.69,1.04,0,0.2,0.09,0.57,1.19,1.54,12.02,2.95,2.71,6.36,4.24,6.12,6.23,3.73,1.28,2.11,2.05,6.15,1.36,1.3,1.12,0,0,0,0.19,0,0,0,0,1.16,0,0.4,13.29,3.56,1.69,1.88,2.34,0.02,2.27,0,0,1.33,0,0,0,1.12,0,1.37,0,0,0,0,0,0.01,0,2.95,1.33,0.94,3.22,8.33,4.74,1.93,10.46,3.32,0,0,1.35,0,0,0,1.1,0,1.54,0.67,3.46,1.9,0.01,0,0.08,1.38,0,0.41,0.58,0.74,0.74,5.87,0.63,3.66,0,0,0,0.73,0.42,1.35,0,0,0.2,0,0,1.15,0.32,2.92,1.8,4.32,7.91,3.12,0,0,0,0,0,1.13,0,0,0,2.43,5.03,0.86,0.34,0,7.45,10.57,3.51,0.1,0,0,0,0,1.04,0,0,0.88,0.28,0,0,0,0,0.02,0.06,0,0,0,0,0,0,1.1,1.21,0,0,0,0,0.6,10.48,12.71,4.39,4.28,3.21,5.97,9.18,17.5,5.93,0.46,0,0,0,0,0,1.59,0.42,0,1.45,1.44,3.57,0,0.55,2.45,0.09,1.71,1.38,0.11,0,6.82,1.84,0,0,1.51,0,0,2.25,3.71,12.99,0,0,0.01,0,1.55,0,0,0,9.14,18.39,10.97,15.64,17.12,4.49,0,1.56,5.07,3.69,3.82,7.25,2.24,0,2.39,4.05,10.77,2.1,0,1.8,11.81,4.03,2.55,0.32,0.01,0,2.46,3.85,0.35,3.35,0.71,0.12,2.29,8.45,0.24,0,0.01,1.81,0,0,1.39,0,0,0.62,0,0.67,4.58,0.2,4.39,7.42,4.92,0.81,7.32,0,2.04,6.88,3.67,10.14,15.62,30.97,4.76,
